,id,check_out_time,date,intake.time,open_time,time.arrived,before/after_opentime,before_after,intake_waiting_time,household_size,pounds.of.food,max_temp,min_temp,avg_temp,weekday,rain,HH.ID..use.this.to.match.with.ages.and.receipt.of.food.stamps.on.other.sheets.,town....Temp..means.homeless.,WIC,Fuel.Assist,Masshealth,usual.transportation,monthly.household.income,language.spoken.at.home,num.of.people.that.day
2,11330,13:14,5/1/2017,12:27,11:00,12:26,86,after,1,5,155.5,62,45,52,1,0,1330,Easthampton,FALSE,TRUE,TRUE,car,"$3,265.00 ",English,31
20,19723,13:10,5/1/2017,12:30,11:00,12:29,89,after,1,2,52,62,45,52,1,0,9723,Easthampton,FALSE,FALSE,TRUE,car,$407.00 ,English,31
13,18536,12:58,5/1/2017,12:12,11:00,12:02,62,after,10,3,122.5,62,45,52,1,0,8536,Northampton,FALSE,FALSE,FALSE,car,"$2,231.00 ",English,31
23,19775,14:06,5/1/2017,13:36,11:00,13:26,146,after,10,1,49,62,45,52,1,0,9775,Northampton,FALSE,FALSE,FALSE,bike,$0.00 ,English,31
8,17165,13:52,5/1/2017,13:27,11:00,13:10,130,after,17,1,46,62,45,52,1,0,7165,Northampton,FALSE,FALSE,TRUE,walk,$983.00 ,English,31
18,19462,13:59,5/1/2017,13:27,11:00,13:10,130,after,17,1,46.5,62,45,52,1,0,9462,Temp,FALSE,FALSE,TRUE,car,$795.00 ,English,31
5,15553,14:04,5/1/2017,13:31,11:00,13:11,131,after,20,1,19.5,62,45,52,1,0,5553,Northampton,FALSE,FALSE,TRUE,bike,$732.00 ,English,31
27,19931,12:50,5/1/2017,12:08,11:00,11:48,48,after,20,1,41.5,62,45,52,1,0,9931,Easthampton,FALSE,FALSE,FALSE,car,"$1,300.00 ",English,31
4,12841,12:42,5/1/2017,12:00,11:00,11:36,36,after,24,1,51.5,62,45,52,1,0,2841,Northampton,FALSE,FALSE,TRUE,car,$863.00 ,English,31
9,17557,12:48,5/1/2017,12:07,11:00,11:43,43,after,24,1,29,62,45,52,1,0,7557,Northampton,FALSE,TRUE,FALSE,car,"$1,495.00 ",English,31
19,19533,13:52,5/1/2017,13:24,11:00,13:00,120,after,24,1,48.5,62,45,52,1,0,9533,Northampton,FALSE,FALSE,TRUE,car,$300.00 ,English,31
24,19784,13:45,5/1/2017,13:24,11:00,13:00,120,after,24,1,55,62,45,52,1,0,9784,Temp,FALSE,FALSE,TRUE,walk,$194.00 ,English,31
30,19954,14:17,5/1/2017,13:11,11:00,12:45,105,after,26,1,47.5,62,45,52,1,0,9954,Temp,FALSE,FALSE,FALSE,car,$194.00 ,English,31
22,19766,11:59,5/1/2017,11:14,11:00,10:45,-15,before,29,6,163.5,62,45,52,1,0,9766,Northampton,FALSE,FALSE,TRUE,car,"$1,531.00 ",English,31
31,19955,14:17,5/1/2017,13:20,11:00,12:50,110,after,30,1,30.5,62,45,52,1,0,9955,Temp,FALSE,FALSE,TRUE,car,$289.00 ,English,31
26,19921,11:49,5/1/2017,11:17,11:00,10:45,-15,before,32,3,66.5,62,45,52,1,0,9921,Northampton,FALSE,FALSE,TRUE,car,"$1,654.00 ",English,31
28,19946,12:01,5/1/2017,11:22,11:00,10:50,-10,before,32,1,86,62,45,52,1,0,9946,Easthampton,FALSE,FALSE,TRUE,car,"$1,145.00 ",English,31
3,11780,12:24,5/1/2017,11:58,11:00,11:25,25,after,33,1,18,62,45,52,1,0,1780,Northampton,FALSE,FALSE,TRUE,walk,$910.00 ,English,31
17,19445,12:16,5/1/2017,11:38,11:00,11:05,5,after,33,1,52.5,62,45,52,1,0,9445,Easthampton,FALSE,FALSE,TRUE,car,$150.00 ,English,31
7,16506,12:21,5/1/2017,11:43,11:00,11:08,8,after,35,1,47,62,45,52,1,0,6506,Northampton,FALSE,FALSE,TRUE,walk,$190.00 ,English,31
15,18904,11:57,5/1/2017,11:20,11:00,10:45,-15,before,35,2,84,62,45,52,1,0,8904,Williamsburg,FALSE,FALSE,TRUE,car,"$1,600.00 ",English,31
1,11205,12:06,5/1/2017,11:33,11:00,10:54,-6,before,39,2,55.5,62,45,52,1,0,1205,Northampton,FALSE,FALSE,TRUE,car,"$3,132.00 ",English,31
10,18135,11:35,5/1/2017,11:10,11:00,10:30,-30,before,40,1,36,62,45,52,1,0,8135,Easthampton,FALSE,FALSE,FALSE,car,"$1,351.00 ",English,31
16,19414,12:23,5/1/2017,11:37,11:00,10:55,-5,before,42,3,92,62,45,52,1,0,9414,Northampton,FALSE,FALSE,TRUE,car,"$2,470.00 ",English,31
25,19913,14:13,5/1/2017,13:22,11:00,12:40,100,after,42,1,25.5,62,45,52,1,0,9913,Temp,FALSE,FALSE,FALSE,car,"$1,216.00 ",English,31
11,18200,12:08,5/1/2017,11:26,11:00,10:30,-30,before,56,2,39.5,62,45,52,1,0,8200,Easthampton,FALSE,FALSE,TRUE,car,$877.00 ,English,31
14,18634,11:28,5/1/2017,11:08,11:00,10:00,-60,before,68,1,57.5,62,45,52,1,0,8634,Northampton,FALSE,FALSE,TRUE,car,"$1,235.00 ",Spanish,31
6,15896,11:24,5/1/2017,11:05,11:00,9:50,-70,before,75,1,54.5,62,45,52,1,0,5896,Northampton,FALSE,FALSE,TRUE,bus,$912.00 ,English,31
12,18203,11:23,5/1/2017,11:04,11:00,9:40,-80,before,84,4,91,62,45,52,1,0,8203,Northampton,FALSE,TRUE,TRUE,car,"$1,211.00 ",English,31
21,19751,11:19,5/1/2017,11:00,11:00,9:00,-120,before,120,3,81,62,45,52,1,0,9751,Easthampton,FALSE,FALSE,TRUE,car,$511.00 ,English,31
29,19952,14:18,5/1/2017,17:17,11:00,12:53,113,after,264,1,63.5,62,45,52,1,0,9952,Temp,FALSE,FALSE,FALSE,car,$194.00 ,English,31
34,11936,18:10,5/2/2017,17:27,16:00,17:26,86,after,1,3,88.5,73,48,61,2,1,1936,Easthampton,TRUE,TRUE,TRUE,car,"$2,000.00 ",English,28
41,14980,18:58,5/2/2017,18:22,16:00,18:21,141,after,1,1,67,73,48,61,2,1,4980,Chesterfield,FALSE,FALSE,TRUE,bike,$0.00 ,English,28
45,17764,17:40,5/2/2017,16:54,16:00,16:53,53,after,1,2,61,73,48,61,2,1,7764,Northampton,FALSE,FALSE,TRUE,car,"$1,783.00 ",Cambodian,28
47,18576,17:45,5/2/2017,16:50,16:00,16:49,49,after,1,4,92,73,48,61,2,1,8576,Easthampton,FALSE,TRUE,TRUE,car,"$3,723.00 ",English,28
46,18506,17:41,5/2/2017,16:58,16:00,16:56,56,after,2,3,63,73,48,61,2,1,8506,Northampton,FALSE,FALSE,TRUE,car,$930.00 ,English,28
54,19926,18:09,5/2/2017,17:49,16:00,17:47,107,after,2,1,39.5,73,48,61,2,1,9926,Florence,FALSE,FALSE,FALSE,car,"$1,400.00 ",English,28
36,12349,19:03,5/2/2017,18:39,16:00,18:36,156,after,3,1,29.5,73,48,61,2,1,2349,Northampton,FALSE,TRUE,TRUE,walk,"$1,300.00 ",English,28
37,12576,19:13,5/2/2017,18:45,16:00,18:42,162,after,3,1,25.5,73,48,61,2,1,2576,Northampton,FALSE,FALSE,TRUE,bike,$690.00 ,English,28
57,19957,18:49,5/2/2017,18:02,16:00,17:55,115,after,7,3,195,73,48,61,2,1,9957,Northampton,FALSE,FALSE,FALSE,car,"$2,200.00 ",English,28
49,19100,17:33,5/2/2017,16:45,16:00,16:16,16,after,29,7,184,73,48,61,2,1,9100,Northampton,FALSE,FALSE,TRUE,walk,$660.00 ,English,28
42,15774,18:59,5/2/2017,18:46,16:00,18:10,130,after,36,5,140,73,48,61,2,1,5774,Northampton,FALSE,TRUE,TRUE,car,"$1,144.00 ",English,28
38,12610,17:13,5/2/2017,16:31,16:00,15:50,-10,before,41,2,67.5,73,48,61,2,1,2610,Easthampton,FALSE,TRUE,TRUE,car,"$1,764.00 ",English,28
48,19086,17:11,5/2/2017,16:43,16:00,16:00,0,after,43,1,34.5,73,48,61,2,1,9086,Easthampton,FALSE,FALSE,FALSE,car,$715.00 ,English,28
40,14412,17:02,5/2/2017,16:35,16:00,15:50,-10,before,45,1,140,73,48,61,2,1,4412,Easthampton,FALSE,FALSE,TRUE,car,$956.00 ,English,28
55,19950,16:48,5/2/2017,16:17,16:00,15:30,-30,before,47,1,69.5,73,48,61,2,1,9950,Northampton,FALSE,FALSE,FALSE,walk,$803.00 ,English,28
33,11687,17:10,5/2/2017,16:43,16:00,15:55,-5,before,48,1,32,73,48,61,2,1,1687,Easthampton,FALSE,TRUE,TRUE,car,"$1,308.00 ",English,28
43,15924,19:23,5/2/2017,18:49,16:00,18:00,120,after,49,2,133,73,48,61,2,1,5924,Northampton,FALSE,FALSE,FALSE,car,"$1,400.00 ",English,28
56,19956,17:03,5/2/2017,16:22,16:00,15:30,-30,before,52,3,140,73,48,61,2,1,9956,South Hadley,FALSE,TRUE,TRUE,car,"$1,367.00 ",English,28
32,11647,16:50,5/2/2017,16:17,16:00,15:20,-40,before,57,1,66,73,48,61,2,1,1647,Northampton,FALSE,FALSE,FALSE,bus,"$1,330.00 ",English,28
51,19303,16:56,5/2/2017,16:29,16:00,15:30,-30,before,59,2,129,73,48,61,2,1,9303,Northampton,FALSE,FALSE,FALSE,car,"$1,473.00 ",English,28
39,14055,16:38,5/2/2017,16:08,16:00,15:00,-60,before,68,1,65.5,73,48,61,2,1,4055,Temp,FALSE,FALSE,TRUE,car,$866.00 ,English,28
53,19824,16:41,5/2/2017,16:10,16:00,15:00,-60,before,70,1,52,73,48,61,2,1,9824,Northampton,FALSE,FALSE,FALSE,car,"$1,230.00 ",English,28
44,17540,16:39,5/2/2017,16:14,16:00,15:00,-60,before,74,1,48,73,48,61,2,1,7540,Northampton,FALSE,TRUE,TRUE,walk,$970.00 ,English,28
35,12084,16:37,5/2/2017,16:08,16:00,14:45,-75,before,83,4,79,73,48,61,2,1,2084,Northampton,FALSE,FALSE,TRUE,walk,"$3,766.00 ",English,28
50,19177,16:18,5/2/2017,16:00,16:00,14:00,-120,before,120,1,99,73,48,61,2,1,9177,Northampton,FALSE,FALSE,TRUE,bike,$494.00 ,English,28
68,15801,13:46,5/3/2017,12:59,11:00,12:59,119,after,0,4,138.5,60,36,50,3,0,5801,Southampton,FALSE,TRUE,TRUE,car,"$1,100.00 ",English,26
58,10177,13:48,5/3/2017,13:16,11:00,13:15,135,after,1,1,52.5,60,36,50,3,0,177,Northampton,FALSE,TRUE,TRUE,car,$0.00 ,English,26
82,19632,12:26,5/3/2017,11:46,11:00,11:45,45,after,1,1,31.5,60,36,50,3,0,9632,Southampton,FALSE,FALSE,TRUE,car,$921.00 ,English,26
61,11916,13:32,5/3/2017,12:54,11:00,12:52,112,after,2,2,87,60,36,50,3,0,1916,Northampton,FALSE,TRUE,TRUE,car,"$1,591.49 ",English,26
81,19630,13:30,5/3/2017,12:51,11:00,12:49,109,after,2,3,92,60,36,50,3,0,9630,Northampton,FALSE,FALSE,FALSE,car,"$1,088.00 ",English,26
60,11279,14:00,5/3/2017,13:33,11:00,13:30,150,after,3,1,49,60,36,50,3,0,1279,Northampton,FALSE,TRUE,TRUE,car,$950.00 ,English,26
64,13703,12:28,5/3/2017,11:48,11:00,11:45,45,after,3,1,76.5,60,36,50,3,0,3703,Southampton,FALSE,FALSE,TRUE,car,"$1,123.00 ",English,26
78,19376,12:15,5/3/2017,11:43,11:00,11:40,40,after,3,3,61,60,36,50,3,0,9376,Easthampton,FALSE,FALSE,TRUE,car,"$1,291.00 ",Morrrocan,26
83,19852,12:42,5/3/2017,12:13,11:00,12:10,70,after,3,2,152.5,60,36,50,3,0,9852,Northampton,FALSE,FALSE,TRUE,car,"$1,141.00 ",English,26
79,19580,12:12,5/3/2017,11:37,11:00,11:30,30,after,7,1,51.5,60,36,50,3,0,9580,Temp,FALSE,FALSE,TRUE,walk,$194.00 ,English,26
73,17906,12:20,5/3/2017,11:28,11:00,11:20,20,after,8,2,74,60,36,50,3,0,7906,Plainfield,FALSE,TRUE,TRUE,car,"$1,720.00 ",English,26
59,11136,12:10,5/3/2017,11:41,11:00,11:30,30,after,11,2,69.5,60,36,50,3,0,1136,Northampton,FALSE,TRUE,TRUE,car,$867.00 ,English,26
76,18279,11:55,5/3/2017,11:20,11:00,11:05,5,after,15,2,59,60,36,50,3,0,8279,Northampton,FALSE,FALSE,FALSE,car,"$2,080.00 ",English,26
66,15241,12:00,5/3/2017,11:26,11:00,11:10,10,after,16,1,51.5,60,36,50,3,0,5241,Northampton,FALSE,FALSE,TRUE,car,"$1,066.00 ",English,26
67,15341,12:04,5/3/2017,11:23,11:00,11:07,7,after,16,5,64.5,60,36,50,3,0,5341,Northampton,FALSE,FALSE,TRUE,walk,"$1,860.00 ",Spanish,26
80,19614,11:41,5/3/2017,11:18,11:00,11:00,0,after,18,1,21.5,60,36,50,3,0,9614,Easthampton,FALSE,TRUE,TRUE,car,$0.00 ,English,26
69,15909,11:56,5/3/2017,11:30,11:00,11:08,8,after,22,2,70,60,36,50,3,0,5909,Northampton,FALSE,TRUE,TRUE,car,$893.00 ,English,26
71,17530,11:52,5/3/2017,11:14,11:00,10:45,-15,before,29,2,83.5,60,36,50,3,0,7530,Northampton,FALSE,TRUE,TRUE,car,$357.00 ,English,26
70,16337,11:45,5/3/2017,11:12,11:00,10:30,-30,before,42,2,64,60,36,50,3,0,6337,Northampton,FALSE,TRUE,TRUE,car,"$1,060.00 ",English,26
75,18237,11:38,5/3/2017,11:09,11:00,10:20,-40,before,49,1,78.5,60,36,50,3,0,8237,Hatfield,FALSE,TRUE,TRUE,car,"$2,017.00 ",English,26
74,17955,11:18,5/3/2017,11:01,11:00,10:00,-60,before,61,1,30,60,36,50,3,0,7955,Northampton,FALSE,FALSE,TRUE,bus,$824.00 ,English,26
65,13928,11:19,5/3/2017,11:03,11:00,10:00,-60,before,63,1,44,60,36,50,3,0,3928,Northampton,FALSE,TRUE,TRUE,car,"$1,000.00 ",English,26
62,12847,11:36,5/3/2017,11:07,11:00,10:00,-60,before,67,3,110.5,60,36,50,3,0,2847,Williamsburg,FALSE,TRUE,TRUE,car,"$2,378.00 ",English,26
72,17823,11:34,5/3/2017,11:07,11:00,10:00,-60,before,67,1,62,60,36,50,3,0,7823,Northampton,FALSE,TRUE,TRUE,car,$962.00 ,English,26
63,13105,11:19,5/3/2017,11:00,11:00,9:35,-85,before,85,1,19,60,36,50,3,0,3105,Northampton,FALSE,FALSE,TRUE,walk,$900.00 ,English,26
77,18808,11:33,5/3/2017,10:59,11:00,8:55,-125,before,124,1,44,60,36,50,3,0,8808,Northampton,FALSE,FALSE,TRUE,car,$989.00 ,English,26
84,10578,19:42,5/4/2017,18:54,16:00,18:54,174,after,0,3,113.5,68,31,49,4,0,578,Northampton,FALSE,TRUE,TRUE,car,"$1,140.00 ",English,35
89,11733,18:39,5/4/2017,18:07,16:00,18:07,127,after,0,1,38,68,31,49,4,0,1733,Hatfield,FALSE,FALSE,FALSE,car,"$1,541.00 ",English,35
109,19239,18:20,5/4/2017,17:41,16:00,17:40,100,after,1,1,57.5,68,31,49,4,0,9239,Northampton,FALSE,FALSE,FALSE,car,$700.00 ,English,35
94,14801,17:53,5/4/2017,17:12,16:00,17:10,70,after,2,1,52,68,31,49,4,0,4801,Northampton,FALSE,FALSE,TRUE,car,$924.00 ,English,35
105,18428,18:48,5/4/2017,18:12,16:00,18:10,130,after,2,5,184.5,68,31,49,4,0,8428,Southampton,FALSE,TRUE,TRUE,car,"$1,521.00 ",English,35
97,16644,18:46,5/4/2017,18:24,16:00,18:21,141,after,3,1,36.5,68,31,49,4,0,6644,Temp,FALSE,FALSE,TRUE,walk,$490.00 ,English,35
101,17808,17:46,5/4/2017,16:48,16:00,16:45,45,after,3,5,176,68,31,49,4,0,7808,South Hadley,FALSE,FALSE,TRUE,car,"$4,963.00 ",English,35
104,18301,19:14,5/4/2017,18:48,16:00,18:45,165,after,3,3,100,68,31,49,4,0,8301,Easthampton,FALSE,TRUE,TRUE,car,"$1,893.00 ",English,35
118,19958,17:32,5/4/2017,16:53,16:00,16:50,50,after,3,1,13.5,68,31,49,4,0,9958,Florence,FALSE,FALSE,FALSE,car,"$1,683.00 ",English,35
100,17703,19:36,5/4/2017,18:59,16:00,18:55,175,after,4,3,93.5,68,31,49,4,0,7703,Northampton,FALSE,FALSE,TRUE,car,"$3,045.00 ",English,35
88,11691,17:30,5/4/2017,16:39,16:00,16:34,34,after,5,3,143.5,68,31,49,4,0,1691,Easthampton,FALSE,FALSE,TRUE,car,"$2,135.00 ",English,35
91,13042,18:34,5/4/2017,17:55,16:00,17:49,109,after,6,1,56.5,68,31,49,4,0,3042,Southampton,FALSE,FALSE,TRUE,car,"$1,374.00 ",English,35
90,11836,17:55,5/4/2017,17:19,16:00,17:12,72,after,7,1,24.5,68,31,49,4,0,1836,Northampton,FALSE,TRUE,TRUE,car,"$1,125.00 ",English,35
99,17403,18:26,5/4/2017,17:50,16:00,17:43,103,after,7,1,34,68,31,49,4,0,7403,Northampton,FALSE,FALSE,TRUE,car,"$1,282.00 ",English,35
112,19662,18:16,5/4/2017,17:39,16:00,17:30,90,after,9,1,40,68,31,49,4,0,9662,Northampton,FALSE,FALSE,TRUE,car,"$1,114.00 ",English,35
93,14623,19:04,5/4/2017,18:43,16:00,18:33,153,after,10,2,70.5,68,31,49,4,0,4623,Easthampton,FALSE,FALSE,TRUE,car,"$1,540.00 ",English,35
102,18026,18:08,5/4/2017,17:36,16:00,17:25,85,after,11,1,43.5,68,31,49,4,0,8026,Northampton,FALSE,TRUE,TRUE,walk,$991.00 ,English,35
95,15228,18:02,5/4/2017,17:26,16:00,17:10,70,after,16,4,59.5,68,31,49,4,0,5228,Northampton,FALSE,TRUE,TRUE,car,"$1,980.00 ",English,35
116,19943,17:20,5/4/2017,16:32,16:00,16:16,16,after,16,3,83.5,68,31,49,4,0,9943,Temp,FALSE,FALSE,TRUE,car,$0.00 ,English,35
87,11158,18:25,5/4/2017,17:32,16:00,17:15,75,after,17,5,155,68,31,49,4,0,1158,Easthampton,FALSE,TRUE,TRUE,car,"$3,440.00 ",English,35
85,10863,17:12,5/4/2017,16:28,16:00,16:10,10,after,18,1,44.5,68,31,49,4,0,863,Northampton,FALSE,FALSE,TRUE,walk,"$1,181.00 ",English,35
110,19397,16:44,5/4/2017,16:15,16:00,15:50,-10,before,25,1,50,68,31,49,4,0,9397,Northampton,FALSE,FALSE,TRUE,bus,$497.00 ,English,35
115,19868,17:11,5/4/2017,16:21,16:00,15:55,-5,before,26,4,120.5,68,31,49,4,0,9868,Northampton,FALSE,FALSE,TRUE,car,$717.00 ,English,35
98,17285,17:09,5/4/2017,16:24,16:00,15:55,-5,before,29,2,62.5,68,31,49,4,0,7285,Hadley,FALSE,TRUE,TRUE,car,"$1,655.00 ",English,35
103,18211,17:03,5/4/2017,16:19,16:00,15:50,-10,before,29,2,69,68,31,49,4,0,8211,Northampton,FALSE,FALSE,TRUE,car,"$1,025.00 ",English,35
111,19543,16:59,5/4/2017,16:20,16:00,15:50,-10,before,30,3,101,68,31,49,4,0,9543,Easthampton,FALSE,FALSE,TRUE,car,"$3,093.00 ",English,35
96,15519,17:03,5/4/2017,16:22,16:00,15:50,-10,before,32,3,60.5,68,31,49,4,0,5519,Northampton,TRUE,FALSE,TRUE,walk,"$1,009.00 ",English,35
113,19683,16:45,5/4/2017,16:10,16:00,15:35,-25,before,35,4,124.5,68,31,49,4,0,9683,South Hadley,FALSE,FALSE,FALSE,car,"$1,200.00 ",English,35
86,11005,16:30,5/4/2017,16:06,16:00,15:15,-45,before,51,1,50,68,31,49,4,0,1005,Easthampton,FALSE,FALSE,FALSE,car,"$1,360.00 ",English,35
114,19783,16:40,5/4/2017,16:07,16:00,15:15,-45,before,52,3,91,68,31,49,4,0,9783,Easthampton,FALSE,FALSE,TRUE,car,"$3,047.00 ",English,35
117,19949,17:38,5/4/2017,16:54,16:00,15:50,-10,before,64,1,67.5,68,31,49,4,0,9949,Northampton,FALSE,FALSE,TRUE,bus,$735.00 ,English,35
106,18826,16:21,5/4/2017,16:03,16:00,13:55,-125,before,128,1,48,68,31,49,4,0,8826,Northampton,FALSE,FALSE,TRUE,car,$929.00 ,English,35
92,13650,16:32,5/4/2017,16:02,16:00,13:45,-135,before,137,4,134,68,31,49,4,0,3650,Chesterfield,FALSE,TRUE,TRUE,car,"$1,387.00 ",English,35
119,10766,14:36,5/5/2017,13:56,11:00,13:55,175,after,1,2,61,51,45,48,5,1,766,Easthampton,FALSE,TRUE,TRUE,car,"$1,487.00 ",English,34
149,19910,13:06,5/5/2017,12:23,11:00,12:22,82,after,1,4,119.5,51,45,48,5,1,9910,Easthampton,FALSE,FALSE,FALSE,car,"$2,499.00 ",English,34
145,19532,13:01,5/5/2017,11:59,11:00,11:55,55,after,4,2,45,51,45,48,5,1,9532,Northampton,FALSE,TRUE,TRUE,bike,"$2,080.00 ",English,34
152,19959,13:38,5/5/2017,12:56,11:00,12:52,112,after,4,4,115.5,51,45,48,5,1,9959,Northampton,TRUE,FALSE,TRUE,car,"$1,200.00 ",English,34
144,19521,14:29,5/5/2017,13:46,11:00,13:40,160,after,6,1,69,51,45,48,5,1,9521,Easthampton,FALSE,FALSE,TRUE,car,"$1,083.00 ",English,34
151,19937,13:01,5/5/2017,12:01,11:00,11:55,55,after,6,1,11,51,45,48,5,1,9937,Northampton,FALSE,TRUE,TRUE,car,$0.00 ,English,34
126,11305,14:12,5/5/2017,13:29,11:00,13:20,140,after,9,3,80,51,45,48,5,1,1305,Northampton,FALSE,TRUE,TRUE,car,"$2,975.00 ",English,34
130,14097,13:55,5/5/2017,13:18,11:00,13:08,128,after,10,7,121.5,51,45,48,5,1,4097,Chesterfield,TRUE,FALSE,TRUE,car,"$2,412.00 ",English,34
143,19477,14:20,5/5/2017,13:38,11:00,13:28,148,after,10,1,71.5,51,45,48,5,1,9477,Northampton,FALSE,FALSE,TRUE,car,$995.00 ,English,34
135,18059,13:57,5/5/2017,13:26,11:00,13:15,135,after,11,2,32,51,45,48,5,1,8059,Easthampton,FALSE,FALSE,FALSE,car,"$1,742.00 ",English,34
141,19229,13:52,5/5/2017,13:11,11:00,13:00,120,after,11,3,52,51,45,48,5,1,9229,Northampton,FALSE,FALSE,TRUE,car,"$2,227.00 ",English,34
146,19721,14:07,5/5/2017,13:33,11:00,13:22,142,after,11,1,36,51,45,48,5,1,9721,Northampton,FALSE,FALSE,TRUE,car,$784.00 ,English,34
148,19900,13:33,5/5/2017,13:03,11:00,12:52,112,after,11,2,59.5,51,45,48,5,1,9900,Northampton,FALSE,FALSE,TRUE,car,"$1,517.00 ",English,34
138,18794,14:19,5/5/2017,13:42,11:00,13:30,150,after,12,1,43,51,45,48,5,1,8794,Northampton,FALSE,FALSE,TRUE,car,$946.00 ,English,34
132,15558,14:06,5/5/2017,13:25,11:00,13:12,132,after,13,4,109.5,51,45,48,5,1,5558,Northampton,FALSE,TRUE,TRUE,car,"$2,214.00 ",English,34
131,15269,14:16,5/5/2017,13:40,11:00,13:25,145,after,15,2,57,51,45,48,5,1,5269,Northampton,FALSE,TRUE,TRUE,walk,"$1,887.00 ",English,34
127,11540,13:34,5/5/2017,13:09,11:00,12:52,112,after,17,1,66,51,45,48,5,1,1540,Easthampton,FALSE,FALSE,TRUE,car,$944.00 ,English,34
122,11098,12:22,5/5/2017,11:26,11:00,11:05,5,after,21,1,62.5,51,45,48,5,1,1098,Northampton,FALSE,FALSE,TRUE,car,"$1,870.00 ",English,34
139,18863,12:10,5/5/2017,11:21,11:00,10:55,-5,before,26,3,109.5,51,45,48,5,1,8863,Northampton,FALSE,FALSE,TRUE,car,$984.00 ,English,34
129,13264,12:53,5/5/2017,11:42,11:00,11:15,15,after,27,5,153,51,45,48,5,1,3264,Goshen,FALSE,FALSE,TRUE,car,"$2,984.00 ",English,34
150,19935,12:57,5/5/2017,11:45,11:00,11:18,18,after,27,3,73,51,45,48,5,1,9935,Hadley,FALSE,TRUE,TRUE,car,$981.00 ,English,34
147,19797,12:21,5/5/2017,11:23,11:00,10:55,-5,before,28,3,103.5,51,45,48,5,1,9797,Huntington,FALSE,TRUE,TRUE,car,$511.00 ,English,34
133,16391,12:09,5/5/2017,11:19,11:00,10:50,-10,before,29,2,69,51,45,48,5,1,6391,Easthampton,FALSE,FALSE,TRUE,car,$746.00 ,Cambodian,34
124,11212,12:40,5/5/2017,11:50,11:00,11:20,20,after,30,1,59,51,45,48,5,1,1212,Northampton,FALSE,TRUE,TRUE,car,"$1,017.00 ",English,34
142,19436,12:55,5/5/2017,11:54,11:00,11:22,22,after,32,2,74.5,51,45,48,5,1,9436,Northampton,FALSE,FALSE,TRUE,car,$881.00 ,Spanish,34
123,11182,12:35,5/5/2017,11:38,11:00,11:05,5,after,33,1,37,51,45,48,5,1,1182,Northampton,FALSE,FALSE,FALSE,car,$194.00 ,Spanish,34
128,12090,13:00,5/5/2017,11:57,11:00,11:22,22,after,35,3,97,51,45,48,5,1,2090,Northampton,FALSE,TRUE,TRUE,car,"$1,911.00 ",English,34
136,18578,12:01,5/5/2017,11:14,11:00,10:30,-30,before,44,4,129,51,45,48,5,1,8578,Northampton,TRUE,TRUE,TRUE,car,"$1,881.00 ",English,34
120,11003,11:59,5/5/2017,11:16,11:00,10:30,-30,before,46,1,35,51,45,48,5,1,1003,Northampton,FALSE,FALSE,TRUE,car,$931.00 ,Spanish,34
137,18743,11:37,5/5/2017,11:11,11:00,10:25,-35,before,46,1,42.5,51,45,48,5,1,8743,Easthampton,FALSE,TRUE,TRUE,car,"$1,325.00 ",English,34
121,11050,11:44,5/5/2017,11:04,11:00,10:15,-45,before,49,7,210,51,45,48,5,1,1050,Northampton,FALSE,FALSE,TRUE,car,"$1,602.00 ",English,34
134,17051,11:39,5/5/2017,11:09,11:00,10:20,-40,before,49,1,52.5,51,45,48,5,1,7051,Northampton,FALSE,TRUE,TRUE,walk,"$1,140.00 ",English,34
140,18878,11:58,5/5/2017,11:06,11:00,10:17,-43,before,49,6,190,51,45,48,5,1,8878,Northampton,FALSE,FALSE,TRUE,car,"$1,384.00 ",Spanish,34
125,11233,11:36,5/5/2017,11:03,11:00,10:00,-60,before,63,4,67.5,51,45,48,5,1,1233,Northampton,FALSE,TRUE,TRUE,car,"$2,252.00 ",English,34
166,14490,13:55,5/8/2017,13:10,11:00,13:10,130,after,0,1,45.5,52,41,46,1,0,4490,Northampton,FALSE,FALSE,FALSE,car,"$1,660.00 ",English,36
160,12232,13:56,5/8/2017,13:13,11:00,13:12,132,after,1,1,48,52,41,46,1,0,2232,Northampton,FALSE,FALSE,TRUE,car,$870.00 ,English,36
184,19846,12:53,5/8/2017,12:06,11:00,12:05,65,after,1,1,26,52,41,46,1,0,9846,Temp,FALSE,FALSE,TRUE,walk,$190.00 ,English,36
186,19960,12:46,5/8/2017,11:58,11:00,11:56,56,after,2,1,50,52,41,46,1,0,9960,Northampton,FALSE,FALSE,FALSE,walk,$0.00 ,English,36
172,17231,14:34,5/8/2017,13:48,11:00,13:45,165,after,3,4,187,52,41,46,1,0,7231,Easthampton,TRUE,FALSE,TRUE,car,$763.00 ,English,36
178,18379,13:08,5/8/2017,12:23,11:00,12:20,80,after,3,1,41,52,41,46,1,0,8379,Williamsburg,FALSE,FALSE,TRUE,car,"$1,329.00 ",English,36
180,19402,13:13,5/8/2017,12:33,11:00,12:30,90,after,3,1,59,52,41,46,1,0,9402,Northampton,FALSE,FALSE,TRUE,car,$959.00 ,English,36
182,19754,13:17,5/8/2017,12:14,11:00,12:10,70,after,4,3,90.5,52,41,46,1,0,9754,Northampton,FALSE,FALSE,FALSE,car,$511.00 ,Spanish,36
187,19961,13:08,5/8/2017,12:09,11:00,12:05,65,after,4,2,22,52,41,46,1,0,9961,Northampton,FALSE,FALSE,FALSE,walk,$610.00 ,English,36
165,14100,13:16,5/8/2017,12:05,11:00,12:00,60,after,5,3,81,52,41,46,1,0,4100,Northampton,FALSE,FALSE,TRUE,car,"$1,988.00 ",English,36
176,18070,13:10,5/8/2017,12:17,11:00,12:12,72,after,5,1,39.5,52,41,46,1,0,8070,Northampton,FALSE,TRUE,TRUE,car,"$1,347.40 ",English,36
179,18397,13:14,5/8/2017,12:21,11:00,12:15,75,after,6,1,30,52,41,46,1,0,8397,Northampton,FALSE,TRUE,TRUE,car,$619.00 ,English,36
169,16243,13:58,5/8/2017,13:30,11:00,13:22,142,after,8,1,42.5,52,41,46,1,0,6243,Easthampton,FALSE,TRUE,FALSE,car,"$1,050.00 ",English,36
181,19407,13:37,5/8/2017,12:53,11:00,12:45,105,after,8,1,28,52,41,46,1,0,9407,Hatfield,FALSE,TRUE,TRUE,car,"$1,368.00 ",English,36
155,11090,13:39,5/8/2017,12:55,11:00,12:45,105,after,10,1,38.5,52,41,46,1,0,1090,Hatfield,FALSE,FALSE,TRUE,car,$981.00 ,English,36
175,18038,13:23,5/8/2017,12:40,11:00,12:30,90,after,10,1,43.5,52,41,46,1,0,8038,Northampton,FALSE,FALSE,TRUE,car,"$1,120.00 ",English,36
157,11593,13:47,5/8/2017,12:56,11:00,12:45,105,after,11,1,37,52,41,46,1,0,1593,Easthampton,FALSE,TRUE,TRUE,car,"$1,251.00 ",English,36
161,13371,13:31,5/8/2017,12:52,11:00,12:40,100,after,12,1,33.5,52,41,46,1,0,3371,Northampton,FALSE,FALSE,TRUE,walk,$0.00 ,English,36
188,19962,13:35,5/8/2017,12:48,11:00,12:30,90,after,18,2,72,52,41,46,1,0,9962,Northampton,FALSE,FALSE,TRUE,car,$750.00 ,English,36
162,13562,12:45,5/8/2017,11:53,11:00,11:28,28,after,25,1,44.5,52,41,46,1,0,3562,Northampton,FALSE,FALSE,TRUE,car,$936.00 ,English,36
185,19908,12:28,5/8/2017,11:40,11:00,11:13,13,after,27,1,44,52,41,46,1,0,9908,Northampton,FALSE,FALSE,TRUE,car,$400.00 ,English,36
177,18299,12:36,5/8/2017,11:43,11:00,11:15,15,after,28,2,93,52,41,46,1,0,8299,Northampton,FALSE,TRUE,TRUE,car,"$1,040.00 ",English,36
167,15139,12:40,5/8/2017,11:50,11:00,11:19,19,after,31,1,48,52,41,46,1,0,5139,Northampton,FALSE,TRUE,TRUE,car,$876.00 ,English,36
183,19762,12:39,5/8/2017,11:46,11:00,11:15,15,after,31,4,100,52,41,46,1,0,9762,Northampton,TRUE,FALSE,TRUE,car,$357.00 ,English,36
170,16538,12:44,5/8/2017,11:52,11:00,11:19,19,after,33,1,40.5,52,41,46,1,0,6538,Northampton,FALSE,FALSE,TRUE,walk,"$1,017.00 ",English,36
171,17074,12:24,5/8/2017,11:38,11:00,10:50,-10,before,48,3,106.5,52,41,46,1,0,7074,Northampton,FALSE,TRUE,FALSE,car,"$2,800.00 ",English,36
158,11674,12:25,5/8/2017,11:33,11:00,10:30,-30,before,63,5,156.5,52,41,46,1,0,1674,Hadley,FALSE,FALSE,TRUE,car,"$2,364.00 ",English,36
164,14050,12:27,5/8/2017,11:35,11:00,10:30,-30,before,65,6,138,52,41,46,1,0,4050,Hadley,FALSE,FALSE,TRUE,car,"$1,866.00 ",English,36
163,13614,11:54,5/8/2017,11:11,11:00,10:00,-60,before,71,3,109,52,41,46,1,0,3614,Easthampton,FALSE,TRUE,TRUE,car,$78.00 ,English,36
159,12047,12:17,5/8/2017,11:31,11:00,10:10,-50,before,81,2,103,52,41,46,1,0,2047,Northampton,FALSE,FALSE,TRUE,walk,$952.00 ,English,36
156,11261,11:59,5/8/2017,11:23,11:00,10:00,-60,before,83,3,120.5,52,41,46,1,0,1261,Easthampton,FALSE,TRUE,TRUE,car,"$1,210.00 ",English,36
174,17411,12:10,5/8/2017,11:29,11:00,10:05,-55,before,84,4,76.5,52,41,46,1,0,7411,Easthampton,FALSE,TRUE,TRUE,car,"$2,536.00 ",English,36
168,16092,11:38,5/8/2017,11:07,11:00,9:30,-90,before,97,2,58.5,52,41,46,1,0,6092,Northampton,FALSE,TRUE,FALSE,car,"$2,030.00 ",English,36
154,10292,11:29,5/8/2017,11:05,11:00,9:20,-100,before,105,1,50,52,41,46,1,0,292,Northampton,FALSE,TRUE,FALSE,car,$800.00 ,Japanese,36
153,10227,11:21,5/8/2017,11:00,11:00,8:50,-130,before,130,1,52,52,41,46,1,0,227,Northampton,FALSE,FALSE,TRUE,car,"$1,150.00 ",English,36
173,17281,11:26,5/8/2017,11:02,11:00,8:50,-130,before,132,3,88.5,52,41,46,1,0,7281,Easthampton,FALSE,FALSE,TRUE,car,"$1,100.00 ",English,36
208,18581,18:26,5/9/2017,17:30,16:00,17:30,90,after,0,1,45,53,34,44,2,1,8581,Easthampton,FALSE,FALSE,TRUE,car,$198.00 ,English,34
189,10024,19:24,5/9/2017,18:45,16:00,18:44,164,after,1,1,35.5,53,34,44,2,1,24,Northampton,FALSE,FALSE,TRUE,car,"$1,083.00 ",English,34
192,11894,18:32,5/9/2017,17:11,16:00,17:10,70,after,1,4,90,53,34,44,2,1,1894,Northampton,TRUE,TRUE,TRUE,car,"$1,170.00 ",English,34
195,13987,18:42,5/9/2017,17:53,16:00,17:52,112,after,1,4,83.5,53,34,44,2,1,3987,Northampton,FALSE,FALSE,TRUE,car,"$2,180.00 ",Spanish,34
222,19930,18:24,5/9/2017,17:30,16:00,17:28,88,after,2,2,48.5,53,34,44,2,1,9930,Temp,FALSE,FALSE,FALSE,bus,"$1,224.00 ",English,34
209,18686,18:52,5/9/2017,18:18,16:00,18:15,135,after,3,2,50.5,53,34,44,2,1,8686,Temp,FALSE,TRUE,TRUE,walk,"$1,619.00 ",English,34
199,14989,18:23,5/9/2017,17:20,16:00,17:16,76,after,4,4,74.5,53,34,44,2,1,4989,Easthampton,FALSE,FALSE,TRUE,car,"$1,775.00 ",English,34
206,17851,18:17,5/9/2017,17:18,16:00,17:13,73,after,5,2,52,53,34,44,2,1,7851,Northampton,FALSE,FALSE,FALSE,car,"$2,069.00 ",English,34
198,14751,19:15,5/9/2017,18:40,16:00,18:34,154,after,6,7,141.5,53,34,44,2,1,4751,Northampton,FALSE,TRUE,TRUE,car,"$3,381.00 ",English,34
213,19201,18:59,5/9/2017,18:21,16:00,18:15,135,after,6,1,52,53,34,44,2,1,9201,Northampton,FALSE,FALSE,TRUE,walk,$0.00 ,English,34
214,19331,19:22,5/9/2017,18:45,16:00,18:39,159,after,6,1,83,53,34,44,2,1,9331,Northampton,FALSE,FALSE,FALSE,car,$767.00 ,English,34
202,16314,19:00,5/9/2017,18:34,16:00,18:26,146,after,8,1,39,53,34,44,2,1,6314,Northampton,FALSE,FALSE,TRUE,bus,$194.00 ,English,34
207,18515,18:09,5/9/2017,17:08,16:00,16:56,56,after,12,1,44,53,34,44,2,1,8515,Northampton,FALSE,FALSE,TRUE,car,$972.00 ,English,34
219,19690,18:37,5/9/2017,17:42,16:00,17:30,90,after,12,3,42,53,34,44,2,1,9690,Northampton,FALSE,TRUE,TRUE,car,"$1,700.00 ",English,34
197,14277,18:02,5/9/2017,17:04,16:00,16:49,49,after,15,1,44.5,53,34,44,2,1,4277,Northampton,FALSE,FALSE,TRUE,car,"$1,012.00 ",English,34
220,19755,17:45,5/9/2017,16:36,16:00,16:21,21,after,15,1,53.5,53,34,44,2,1,9755,Northampton,FALSE,FALSE,FALSE,car,$840.00 ,English,34
196,14084,18:06,5/9/2017,17:05,16:00,16:49,49,after,16,1,33.5,53,34,44,2,1,4084,Northampton,FALSE,TRUE,TRUE,car,$988.00 ,English,34
221,19757,17:51,5/9/2017,16:48,16:00,16:30,30,after,18,1,57.5,53,34,44,2,1,9757,Northampton,FALSE,FALSE,FALSE,car,"$1,261.00 ",English,34
203,16887,17:53,5/9/2017,16:54,16:00,16:35,35,after,19,1,31.5,53,34,44,2,1,6887,Northampton,FALSE,FALSE,TRUE,bike,$444.00 ,English,34
216,19488,18:00,5/9/2017,16:51,16:00,16:32,32,after,19,3,89,53,34,44,2,1,9488,Northampton,FALSE,FALSE,FALSE,car,"$1,052.00 ",English,34
212,18973,17:58,5/9/2017,17:02,16:00,16:40,40,after,22,1,47,53,34,44,2,1,8973,Northampton,FALSE,FALSE,FALSE,car,"$1,334.00 ",English,34
201,16267,17:40,5/9/2017,16:37,16:00,15:55,-5,before,42,3,87.5,53,34,44,2,1,6267,Easthampton,FALSE,FALSE,TRUE,car,"$1,615.00 ",English,34
217,19611,17:33,5/9/2017,16:32,16:00,15:47,-13,before,45,5,145,53,34,44,2,1,9611,Easthampton,TRUE,FALSE,TRUE,car,"$1,364.00 ",English,34
191,10982,17:30,5/9/2017,16:22,16:00,15:32,-28,before,50,5,147,53,34,44,2,1,982,Easthampton,FALSE,TRUE,TRUE,car,"$3,872.00 ",English,34
210,18754,17:24,5/9/2017,16:20,16:00,15:25,-35,before,55,3,94,53,34,44,2,1,8754,Williamsburg,TRUE,TRUE,TRUE,car,"$1,800.00 ",English,34
193,12470,17:10,5/9/2017,16:17,16:00,15:20,-40,before,57,3,110.5,53,34,44,2,1,2470,Easthampton,FALSE,TRUE,TRUE,car,"$3,142.00 ",English,34
205,17485,17:19,5/9/2017,16:27,16:00,15:30,-30,before,57,4,95,53,34,44,2,1,7485,Northampton,FALSE,FALSE,TRUE,car,"$1,410.00 ",English,34
211,18947,17:31,5/9/2017,16:27,16:00,15:30,-30,before,57,3,93.5,53,34,44,2,1,8947,Northampton,FALSE,FALSE,TRUE,car,"$1,438.00 ",Spanish,34
190,10167,16:40,5/9/2017,16:09,16:00,15:00,-60,before,69,2,79,53,34,44,2,1,167,Easthampton,FALSE,TRUE,TRUE,car,"$1,691.00 ",English,34
204,16969,16:56,5/9/2017,16:14,16:00,15:05,-55,before,69,4,164.5,53,34,44,2,1,6969,Northampton,FALSE,FALSE,TRUE,car,"$2,196.00 ",English,34
215,19400,17:31,5/9/2017,16:41,16:00,15:30,-30,before,71,1,58.5,53,34,44,2,1,9400,Northampton,FALSE,FALSE,FALSE,car,"$1,600.00 ",English,34
200,15693,16:41,5/9/2017,16:13,16:00,15:00,-60,before,73,4,83.5,53,34,44,2,1,5693,Northampton,FALSE,FALSE,TRUE,car,"$2,200.00 ",Spanish,34
218,19689,17:35,5/9/2017,16:44,16:00,15:30,-30,before,74,1,22,53,34,44,2,1,9689,Northampton,FALSE,FALSE,TRUE,car,$779.00 ,English,34
194,13819,16:39,5/9/2017,16:07,16:00,14:00,-120,before,127,2,55.5,53,34,44,2,1,3819,Easthampton,FALSE,TRUE,FALSE,car,"$1,701.00 ",English,34
235,16414,13:42,5/10/2017,13:08,11:00,13:05,136,after,3,2,62,59,35,46,3,0,6414,South Hadley,FALSE,TRUE,TRUE,car,"$1,643.00 ",English,32
254,19966,14:15,5/10/2017,13:38,11:00,13:35,132,after,3,1,25,59,35,46,3,0,9966,Northampton,FALSE,TRUE,TRUE,bike,$751.00 ,English,32
234,16089,13:44,5/10/2017,13:13,11:00,13:09,113,after,4,1,77.5,59,35,46,3,0,6089,Easthampton,FALSE,FALSE,FALSE,car,"$1,658.00 ",English,32
252,19964,13:23,5/10/2017,12:35,11:00,12:30,149,after,5,3,110,59,35,46,3,0,9964,Other-Belchertown,FALSE,FALSE,TRUE,car,$949.00 ,English,32
244,19580,12:58,5/10/2017,12:27,11:00,12:20,65,after,7,1,51.5,59,35,46,3,0,9580,Temp,FALSE,FALSE,TRUE,walk,$194.00 ,English,32
246,19839,13:38,5/10/2017,12:50,11:00,12:43,12,after,7,1,47,59,35,46,3,0,9839,Northampton,FALSE,FALSE,TRUE,bus,$190.00 ,English,32
229,12606,13:47,5/10/2017,13:18,11:00,13:10,78,after,8,1,25.5,59,35,46,3,0,2606,Florence,FALSE,FALSE,TRUE,car,"$1,172.00 ",English,32
248,19925,13:56,5/10/2017,13:24,11:00,13:15,149,after,9,1,40,59,35,46,3,0,9925,Easthampton,FALSE,FALSE,FALSE,car,"$1,679.00 ",English,32
236,17621,13:49,5/10/2017,13:23,11:00,13:12,149,after,11,1,39,59,35,46,3,0,7621,Northampton,FALSE,FALSE,FALSE,car,$830.00 ,English,32
253,19965,13:33,5/10/2017,12:41,11:00,12:30,114,after,11,4,136,59,35,46,3,0,9965,Other-Belchertown,FALSE,FALSE,TRUE,car,"$1,510.00 ",English,32
238,19007,14:17,5/10/2017,13:29,11:00,13:16,-15,before,13,3,110,59,35,46,3,0,9007,Easthampton,TRUE,FALSE,TRUE,car,"$2,660.00 ",English,32
226,11450,14:36,5/10/2017,14:04,11:00,13:50,51,after,14,1,43,59,35,46,3,0,1450,Easthampton,FALSE,FALSE,FALSE,car,"$1,412.00 ",Polish,32
231,14030,13:11,5/10/2017,12:14,11:00,12:00,45,after,14,5,141.5,59,35,46,3,0,4030,Easthampton,FALSE,TRUE,TRUE,car,"$1,500.00 ",English,32
249,19947,12:55,5/10/2017,12:10,11:00,11:55,149,after,15,3,97.5,59,35,46,3,0,9947,Easthampton,FALSE,TRUE,TRUE,car,"$2,516.00 ",English,32
225,10986,14:24,5/10/2017,13:54,11:00,13:38,-5,before,16,1,39.5,59,35,46,3,0,986,Northampton,FALSE,FALSE,TRUE,bus,$900.00 ,English,32
227,11523,14:11,5/10/2017,13:52,11:00,13:36,-5,before,16,1,25,59,35,46,3,0,1523,Northampton,FALSE,FALSE,TRUE,car,$840.00 ,English,32
230,13906,14:27,5/10/2017,13:56,11:00,13:39,-25,before,17,1,42,59,35,46,3,0,3906,Northampton,FALSE,FALSE,TRUE,bus,$960.00 ,English,32
247,19876,12:59,5/10/2017,12:08,11:00,11:43,-15,before,25,4,112,59,35,46,3,0,9876,Northampton,FALSE,FALSE,TRUE,car,"$1,569.00 ",Spanish,32
228,11530,14:57,5/10/2017,14:24,11:00,13:55,-20,before,29,5,115.5,59,35,46,3,0,1530,Hatfield,FALSE,TRUE,TRUE,car,"$2,191.00 ",English,32
223,10805,12:35,5/10/2017,12:06,11:00,11:25,30,after,41,1,35,59,35,46,3,0,805,Northampton,FALSE,TRUE,TRUE,car,$956.00 ,English,32
240,19454,12:31,5/10/2017,12:03,11:00,11:17,-5,before,46,1,45.5,59,35,46,3,0,9454,Hadley,FALSE,FALSE,TRUE,car,"$1,605.00 ",English,32
241,19481,12:16,5/10/2017,11:36,11:00,10:50,2,after,46,4,87,59,35,46,3,0,9481,South Hadley,TRUE,TRUE,TRUE,car,"$2,844.00 ",English,32
242,19490,12:33,5/10/2017,11:51,11:00,11:05,-5,before,46,4,119.5,59,35,46,3,0,9490,Northampton,FALSE,FALSE,FALSE,car,$0.00 ,Spanish,32
233,15377,12:21,5/10/2017,11:39,11:00,10:52,25,after,47,4,109,59,35,46,3,0,5377,Northampton,FALSE,FALSE,TRUE,car,"$1,700.00 ",Spanish,32
245,19651,12:43,5/10/2017,11:55,11:00,11:06,17,after,49,3,123.5,59,35,46,3,0,9651,Northampton,FALSE,FALSE,TRUE,car,"$3,540.00 ",English,32
243,19498,12:04,5/10/2017,11:34,11:00,10:30,13,after,64,2,71.5,59,35,46,3,0,9498,Easthampton,FALSE,FALSE,TRUE,car,$0.00 ,Tashalbite,32
251,19963,11:54,5/10/2017,11:13,11:00,9:45,9,after,88,3,85.5,59,35,46,3,0,9963,South Hadley,TRUE,FALSE,TRUE,car,$940.00 ,English,32
239,19271,11:36,5/10/2017,11:10,11:00,9:40,0,before,90,1,45.5,59,35,46,3,0,9271,Northampton,FALSE,FALSE,TRUE,bus,"$1,169.00 ",English,32
237,17821,11:34,5/10/2017,11:01,11:00,9:30,5,after,91,6,163,59,35,46,3,0,7821,South Hadley,FALSE,FALSE,TRUE,car,"$2,471.00 ",English,32
250,19956,11:31,5/10/2017,11:03,11:00,9:30,113,after,93,3,140,59,35,46,3,0,9956,South Hadley,FALSE,TRUE,TRUE,car,"$1,367.00 ",English,32
224,10976,11:52,5/10/2017,11:25,11:00,9:45,148,after,100,2,63.5,59,35,46,3,0,976,Northampton,FALSE,FALSE,TRUE,car,"$1,431.00 ",Spanish,32
232,14693,12:03,5/10/2017,11:32,11:00,9:45,161,after,107,2,68,59,35,46,3,0,4693,Northampton,FALSE,FALSE,TRUE,car,$356.00 ,Spanish,32
277,19788,19:13,5/11/2017,18:16,16:00,18:16,136,after,0,6,196.5,64,40,52,4,0,9788,Northampton,TRUE,FALSE,TRUE,car,"$2,559.00 ",Spanish,30
269,16289,18:48,5/11/2017,18:13,16:00,18:12,132,after,1,2,57,64,40,52,4,0,6289,Easthampton,FALSE,FALSE,TRUE,car,"$1,622.00 ",English,30
267,15924,18:44,5/11/2017,17:55,16:00,17:53,113,after,2,2,133,64,40,52,4,0,5924,Northampton,FALSE,FALSE,FALSE,car,"$1,400.00 ",English,30
266,13591,18:56,5/11/2017,18:32,16:00,18:29,149,after,3,3,121,64,40,52,4,0,3591,Northampton,FALSE,FALSE,TRUE,car,"$1,110.00 ",English,30
279,19883,17:58,5/11/2017,17:08,16:00,17:05,65,after,3,1,57,64,40,52,4,0,9883,Northampton,FALSE,FALSE,TRUE,car,$600.00 ,English,30
281,19946,16:36,5/11/2017,16:15,16:00,16:12,12,after,3,1,86,64,40,52,4,0,9946,Easthampton,FALSE,FALSE,TRUE,car,"$1,145.00 ",English,30
270,17298,17:59,5/11/2017,17:22,16:00,17:18,78,after,4,4,109.5,64,40,52,4,0,7298,Northampton,TRUE,FALSE,FALSE,car,"$2,200.00 ",English,30
280,19899,19:02,5/11/2017,18:35,16:00,18:29,149,after,6,1,76.5,64,40,52,4,0,9899,Northampton,FALSE,FALSE,TRUE,car,"$1,000.00 ",English,30
274,18439,19:25,5/11/2017,18:41,16:00,18:29,149,after,12,3,85.5,64,40,52,4,0,8439,Northampton,FALSE,TRUE,TRUE,car,"$1,144.00 ",English,30
278,19852,18:44,5/11/2017,18:06,16:00,17:54,114,after,12,2,152.5,64,40,52,4,0,9852,Northampton,FALSE,FALSE,TRUE,car,"$1,141.00 ",English,30
261,11564,16:26,5/11/2017,16:00,16:00,15:45,-15,before,15,1,44.5,64,40,52,4,0,1564,Northampton,FALSE,TRUE,TRUE,walk,$955.00 ,English,30
275,18457,17:48,5/11/2017,17:07,16:00,16:51,51,after,16,2,64,64,40,52,4,0,8457,Northampton,FALSE,FALSE,TRUE,walk,$930.00 ,English,30
268,16069,17:54,5/11/2017,17:03,16:00,16:45,45,after,18,4,96,64,40,52,4,0,6069,Easthampton,FALSE,FALSE,TRUE,car,"$1,440.00 ",Arabic,30
265,13221,19:37,5/11/2017,18:48,16:00,18:29,149,after,19,8,168.5,64,40,52,4,0,3221,Northampton,TRUE,TRUE,TRUE,car,"$2,047.00 ",English,30
273,18297,16:46,5/11/2017,16:16,16:00,15:55,-5,before,21,3,102,64,40,52,4,0,8297,Easthampton,FALSE,TRUE,TRUE,car,"$1,347.00 ",English,30
256,10981,16:52,5/11/2017,16:21,16:00,15:55,-5,before,26,2,59.5,64,40,52,4,0,981,Northampton,FALSE,FALSE,TRUE,car,"$1,542.00 ",Spanish,30
264,12657,16:21,5/11/2017,16:02,16:00,15:35,-25,before,27,1,44.5,64,40,52,4,0,2657,Northampton,FALSE,TRUE,TRUE,walk,"$1,034.00 ",English,30
263,11998,16:38,5/11/2017,16:14,16:00,15:45,-15,before,29,1,51.5,64,40,52,4,0,1998,Northampton,FALSE,FALSE,FALSE,car,"$1,120.00 ",English,30
262,11911,16:30,5/11/2017,16:10,16:00,15:40,-20,before,30,1,48,64,40,52,4,0,1911,Other-Belchertown,FALSE,FALSE,TRUE,car,"$1,394.00 ",English,30
255,10757,17:36,5/11/2017,17:01,16:00,16:30,30,after,31,1,49.5,64,40,52,4,0,757,Northampton,FALSE,TRUE,TRUE,car,"$1,025.00 ",English,30
257,11154,16:54,5/11/2017,16:26,16:00,15:55,-5,before,31,1,39.5,64,40,52,4,0,1154,Northampton,FALSE,FALSE,TRUE,car,$964.00 ,English,30
258,11176,17:10,5/11/2017,16:33,16:00,16:02,2,after,31,2,61,64,40,52,4,0,1176,Easthampton,FALSE,TRUE,FALSE,car,"$1,940.00 ",English,30
260,11520,16:52,5/11/2017,16:28,16:00,15:55,-5,before,33,1,44.5,64,40,52,4,0,1520,Northampton,FALSE,TRUE,TRUE,car,$965.00 ,Spanish,30
259,11381,17:36,5/11/2017,16:59,16:00,16:25,25,after,34,1,46.5,64,40,52,4,0,1381,Northampton,FALSE,FALSE,TRUE,car,$988.00 ,English,30
271,17956,17:41,5/11/2017,16:53,16:00,16:17,17,after,36,9,246,64,40,52,4,0,7956,Northampton,FALSE,FALSE,TRUE,car,"$2,486.00 ",Spanish,30
282,19952,17:21,5/11/2017,16:50,16:00,16:13,13,after,37,1,63.5,64,40,52,4,0,9952,Temp,FALSE,FALSE,FALSE,car,$194.00 ,English,30
283,19957,17:26,5/11/2017,16:46,16:00,16:09,9,after,37,3,195,64,40,52,4,0,9957,Northampton,FALSE,FALSE,FALSE,car,"$2,200.00 ",English,30
272,18284,17:07,5/11/2017,16:39,16:00,16:00,0,before,39,1,54.5,64,40,52,4,0,8284,Northampton,FALSE,FALSE,TRUE,car,$819.00 ,English,30
276,19146,17:20,5/11/2017,16:44,16:00,16:05,5,after,39,5,85.5,64,40,52,4,0,9146,Northampton,TRUE,FALSE,TRUE,car,"$1,369.00 ",English,30
295,15849,13:17,5/12/2017,12:18,11:00,12:18,78,after,0,2,46.5,66,40,53,5,0,5849,Easthampton,FALSE,FALSE,TRUE,car,$680.00 ,English,36
311,19787,13:27,5/12/2017,12:22,11:00,12:22,82,after,0,1,34,66,40,53,5,0,9787,Northampton,FALSE,FALSE,FALSE,car,"$1,100.00 ",English,36
300,16869,13:33,5/12/2017,12:36,11:00,12:34,94,after,2,1,36.5,66,40,53,5,0,6869,Northampton,FALSE,FALSE,TRUE,walk,"$1,382.00 ",English,36
287,11455,13:36,5/12/2017,12:26,11:00,12:22,82,after,4,3,76.5,66,40,53,5,0,1455,Easthampton,FALSE,FALSE,TRUE,car,"$1,065.00 ",English,36
308,19487,14:10,5/12/2017,13:24,11:00,13:18,138,after,6,3,73.5,66,40,53,5,0,9487,Northampton,FALSE,FALSE,FALSE,car,$700.00 ,English,36
290,13711,14:28,5/12/2017,13:45,11:00,13:38,158,after,7,1,58.5,66,40,53,5,0,3711,Williamsburg,FALSE,FALSE,TRUE,car,"$1,475.00 ",English,36
305,18537,14:22,5/12/2017,13:44,11:00,13:35,155,after,9,1,29,66,40,53,5,0,8537,Hatfield,FALSE,TRUE,TRUE,car,"$1,350.00 ",English,36
304,17852,14:30,5/12/2017,13:51,11:00,13:40,160,after,11,1,51,66,40,53,5,0,7852,Northampton,FALSE,FALSE,TRUE,walk,$923.00 ,English,36
303,17391,14:09,5/12/2017,13:31,11:00,13:18,138,after,13,2,68.5,66,40,53,5,0,7391,Easthampton,FALSE,TRUE,FALSE,car,"$2,356.00 ",English,36
294,15336,13:49,5/12/2017,13:09,11:00,12:55,115,after,14,3,82,66,40,53,5,0,5336,Northampton,FALSE,FALSE,TRUE,car,"$2,231.00 ",English,36
293,15086,14:15,5/12/2017,13:33,11:00,13:18,138,after,15,1,70,66,40,53,5,0,5086,Easthampton,FALSE,FALSE,FALSE,car,"$1,420.00 ",English,36
296,16089,14:18,5/12/2017,13:36,11:00,13:19,139,after,17,1,77.5,66,40,53,5,0,6089,Easthampton,FALSE,FALSE,FALSE,car,"$1,658.00 ",English,36
288,11663,13:52,5/12/2017,13:14,11:00,12:55,115,after,19,1,51,66,40,53,5,0,1663,Northampton,FALSE,FALSE,TRUE,car,$675.00 ,Spanish,36
292,14141,14:00,5/12/2017,13:19,11:00,13:00,120,after,19,5,132,66,40,53,5,0,4141,Northampton,FALSE,FALSE,TRUE,car,"$2,168.00 ",Spanish,36
310,19779,12:48,5/12/2017,11:51,11:00,11:20,20,after,31,2,99.5,66,40,53,5,0,9779,Northampton,TRUE,FALSE,TRUE,car,"$3,033.00 ",English,36
312,19824,12:09,5/12/2017,11:22,11:00,10:50,-10,after,32,1,52,66,40,53,5,0,9824,Northampton,FALSE,FALSE,FALSE,car,"$1,230.00 ",English,36
289,11947,12:45,5/12/2017,11:48,11:00,11:15,15,after,33,2,73,66,40,53,5,0,1947,Northampton,FALSE,TRUE,TRUE,walk,"$1,277.00 ",English,36
286,11246,11:56,5/12/2017,11:20,11:00,10:45,-15,after,35,1,42,66,40,53,5,0,1246,Northampton,FALSE,FALSE,TRUE,walk,$975.00 ,English,36
284,11219,11:48,5/12/2017,11:13,11:00,10:30,-30,before,43,1,36.5,66,40,53,5,0,1219,Northampton,FALSE,FALSE,TRUE,walk,"$1,046.00 ",English,36
309,19656,12:32,5/12/2017,11:45,11:00,11:00,0,before,45,2,94,66,40,53,5,0,9656,Northampton,FALSE,FALSE,FALSE,car,$0.00 ,English,36
313,19967,12:21,5/12/2017,11:36,11:00,10:50,-10,before,46,1,32.5,66,40,53,5,0,9967,Northampton,FALSE,FALSE,TRUE,car,"$1,350.00 ",English,36
307,18806,12:36,5/12/2017,11:43,11:00,10:55,-5,before,48,5,210,66,40,53,5,0,8806,Plainfield,FALSE,TRUE,TRUE,car,"$1,150.00 ",English,36
302,17226,11:35,5/12/2017,11:07,11:00,10:00,-60,before,67,1,33,66,40,53,5,0,7226,Southampton,FALSE,FALSE,FALSE,car,"$1,750.00 ",English,36
306,18702,11:47,5/12/2017,11:10,11:00,10:00,-60,before,70,1,43.5,66,40,53,5,0,8702,Easthampton,FALSE,FALSE,TRUE,car,$194.00 ,English,36
297,16570,11:31,5/12/2017,11:05,11:00,9:00,-120,before,125,2,52.5,66,40,53,5,0,6570,Easthampton,FALSE,TRUE,FALSE,car,"$1,765.00 ",English,36
301,16875,11:33,5/12/2017,11:01,11:00,8:45,-135,before,136,2,86,66,40,53,5,0,6875,Easthampton,FALSE,FALSE,FALSE,car,"$2,665.00 ",English,36
335,10058,13:22,5/15/2017,12:54,11:00,12:53:00,113,after,1,2,63.5,,,,1,0,58,Hatfield,FALSE,FALSE,TRUE,car,"$1,944.00 ",English,28
337,10451,14:16,5/15/2017,13:29,11:00,13:28:00,148,after,1,2,90.5,,,,1,0,451,Northampton,FALSE,TRUE,TRUE,walk,$830.00 ,English,28
328,11442,12:37,5/15/2017,11:54,11:00,11:50:00,50,after,4,2,74.5,,,,1,1,1442,Goshen,FALSE,TRUE,TRUE,car,"$1,595.00 ",English,28
321,11633,12:05,5/15/2017,11:15,11:00,10:32:00,-28,before,43,5,129,,,,1,1,1633,Hadley,FALSE,FALSE,TRUE,car,"$2,180.00 ",Spanish,28
333,11692,13:20,5/15/2017,12:20,11:00,12:04:00,64,after,16,1,49,,,,1,0,1692,Northampton,FALSE,FALSE,TRUE,car,$960.00 ,English,28
314,11737,11:21,5/15/2017,11:00,11:00,7:30:00,-210,before,210,1,29.5,,,,1,1,1737,Northampton,FALSE,FALSE,TRUE,car,"$1,774.00 ",English,28
326,11780,12:17,5/15/2017,11:33,11:00,11:31:00,31,after,2,1,22.5,,,,1,1,1780,Northampton,FALSE,FALSE,TRUE,walk,$910.00 ,English,28
325,12373,12:26,5/15/2017,11:29,11:00,11:15:00,15,after,14,1,43.5,,,,1,1,2373,Northampton,FALSE,FALSE,TRUE,car,$899.00 ,Spanish,28
319,12581,11:46,5/15/2017,11:10,11:00,10:30:00,-30,before,40,1,50.5,,,,1,1,2581,Easthampton,FALSE,FALSE,TRUE,car,"$1,316.00 ",English,28
330,14580,12:46,5/15/2017,12:06,11:00,12:04:00,64,after,2,1,30.5,,,,1,0,4580,Northampton,FALSE,TRUE,TRUE,bike,"$1,110.00 ",English,28
327,14951,12:39,5/15/2017,11:47,11:00,11:40:00,40,after,7,9,167,,,,1,1,4951,Northampton,FALSE,TRUE,TRUE,car,"$1,969.00 ",English,28
315,15495,11:40,5/15/2017,11:07,11:00,8:30:00,-150,before,157,1,23.5,,,,1,1,5495,Temp,FALSE,FALSE,TRUE,walk,"$1,100.00 ",English,28
316,15495,11:40,5/15/2017,11:07,11:00,8:30:00,-150,before,157,1,23.5,,,,1,1,5495,Temp,FALSE,FALSE,TRUE,walk,"$1,100.00 ",English,28
336,15550,13:46,5/15/2017,13:18,11:00,13:16:00,136,after,2,1,39,,,,1,0,5550,Williamsburg,FALSE,FALSE,FALSE,bike,$0.00 ,English,28
324,15574,12:29,5/15/2017,11:27,11:00,11:10:00,10,after,17,3,107,,,,1,1,5574,Northampton,FALSE,FALSE,TRUE,walk,$871.00 ,English,28
317,15812,11:32,5/15/2017,11:01,11:00,8:30:00,-150,before,151,2,54,,,,1,1,5812,Easthampton,FALSE,FALSE,FALSE,car,"$2,430.00 ",English,28
332,16069,13:18,5/15/2017,12:15,11:00,12:09:00,69,after,6,4,97.5,,,,1,0,6069,Easthampton,FALSE,FALSE,TRUE,car,"$1,440.00 ",Arabic,28
320,17071,12:03,5/15/2017,11:13,11:00,10:30:00,-30,before,43,5,111,,,,1,1,7071,South Hadley,TRUE,FALSE,TRUE,car,"$3,016.00 ",English,28
339,17619,14:17,5/15/2017,13:44,11:00,13:42:00,162,after,2,1,46.5,,,,1,0,7619,Northampton,FALSE,FALSE,FALSE,car,$780.00 ,English,28
340,17619,14:17,5/15/2017,13:44,11:00,13:42:00,162,after,2,1,46.5,,,,1,0,7619,Northampton,FALSE,FALSE,FALSE,car,$780.00 ,English,28
334,17691,13:10,5/15/2017,12:20,11:00,12:12:00,72,after,8,2,43,,,,1,0,7691,Northampton,FALSE,FALSE,TRUE,car,"$1,721.00 ",English,28
318,17919,11:41,5/15/2017,11:03,11:00,8:40:00,-140,before,143,4,95.5,,,,1,1,7919,Southampton,TRUE,FALSE,TRUE,car,"$1,176.00 ",English,28
341,18042,14:09,5/15/2017,13:42,11:00,13:41:00,161,after,1,1,20,,,,1,0,8042,Northampton,FALSE,FALSE,TRUE,car,$870.00 ,English,28
323,18119,12:10,5/15/2017,11:23,11:00,10:55:00,-5,before,28,4,69.5,,,,1,1,8119,Huntington,FALSE,FALSE,TRUE,car,"$2,851.00 ",English,28
338,18229,13:59,5/15/2017,13:39,11:00,13:32:00,152,after,7,1,54.5,,,,1,0,8229,Northampton,FALSE,FALSE,FALSE,car,"$1,000.00 ",English,28
322,18297,12:06,5/15/2017,11:20,11:00,10:50:00,-10,before,30,3,90.5,,,,1,1,8297,Easthampton,FALSE,TRUE,TRUE,car,"$1,347.00 ",English,28
329,19706,12:40,5/15/2017,12:04,11:00,11:52:00,52,after,12,1,35.5,,,,1,0,9706,Northampton,FALSE,FALSE,FALSE,car,$772.00 ,English,28
331,19841,13:06,5/15/2017,12:08,11:00,12:06:00,66,after,2,6,151.5,,,,1,0,9841,Northampton,FALSE,FALSE,TRUE,car,$197.00 ,English,28
348,10062,17:02,5/18/2017,16:26,16:00,16:23:00,23,after,3,1,56.5,,,,4,0,62,Northampton,FALSE,FALSE,FALSE,bus,"$1,398.00 ",English,24
343,10419,17:00,5/18/2017,16:09,16:00,15:30:00,-30,before,39,6,120,,,,4,0,419,Northampton,FALSE,FALSE,TRUE,car,"$1,818.00 ",English,24
346,11130,16:43,5/18/2017,16:05,16:00,15:45:00,-15,before,20,2,80,,,,4,0,1130,Easthampton,FALSE,TRUE,TRUE,car,"$1,335.00 ",English,24
349,11289,17:23,5/18/2017,17:01,16:00,16:57:00,57,after,4,1,34,,,,4,0,1289,Northampton,FALSE,FALSE,TRUE,car,$850.00 ,English,24
350,11655,17:30,5/18/2017,17:06,16:00,16:57:00,57,after,9,1,31.5,,,,4,0,1655,Northampton,FALSE,FALSE,TRUE,car,$867.00 ,Spanish,24
357,14840,18:32,5/18/2017,17:52,16:00,17:42:00,102,after,10,4,131,,,,4,0,4840,Northampton,FALSE,FALSE,TRUE,car,"$2,634.00 ",English,24
351,14862,17:26,5/18/2017,16:59,16:00,16:57:00,57,after,2,1,42,,,,4,0,4862,Northampton,FALSE,FALSE,TRUE,bus,"$1,140.00 ",Spanish,24
353,15228,17:56,5/18/2017,17:15,16:00,17:10:00,70,after,5,3,76,,,,4,0,5228,Northampton,FALSE,TRUE,TRUE,car,"$1,980.00 ",English,24
361,15229,19:14,5/18/2017,18:42,16:00,18:40:00,160,after,2,7,102.5,,,,4,0,5229,Northampton,FALSE,FALSE,TRUE,car,"$3,120.00 ",Arabic,24
354,15255,18:54,5/18/2017,18:32,16:00,17:41:00,101,after,51,1,39.5,,,,4,0,5255,Hatfield,FALSE,TRUE,TRUE,car,$0.00 ,English,24
365,16169,18:41,5/18/2017,18:50:00,16:00,17:57:00,117,after,53,1,48,,,,4,0,6169,Easthampton,FALSE,TRUE,FALSE,car,"$1,512.00 ",English,24
355,16560,18:27,5/18/2017,17:49,16:00,17:41:00,101,after,8,2,74.5,,,,4,0,6560,Northampton,FALSE,FALSE,TRUE,car,"$1,828.00 ",English,24
347,16776,17:01,5/18/2017,16:23,16:00,16:00:00,0,before,23,4,92,,,,4,0,6776,Northampton,FALSE,FALSE,TRUE,car,"$2,730.00 ",Spanish,24
356,16808,18:19,5/18/2017,17:41,16:00,17:41:00,101,after,0,4,112,,,,4,0,6808,Northampton,FALSE,FALSE,TRUE,walk,"$1,509.00 ",English,24
362,17294,19:25,5/18/2017,18:47,16:00,18:40:00,160,after,7,5,83,,,,4,0,7294,Northampton,FALSE,FALSE,TRUE,car,"$2,574.00 ",Urdu,24
352,17436,17:50,5/18/2017,17:12,16:00,17:07:00,67,after,5,6,122.5,,,,4,0,7436,Easthampton,TRUE,TRUE,TRUE,car,"$2,233.00 ",Arabic,24
342,18248,16:17,5/18/2017,16:00,16:00,15:15:00,-45,before,45,1,40,,,,4,0,8248,Northampton,FALSE,FALSE,TRUE,bike,$930.00 ,English,24
363,18366,19:11,5/18/2017,18:40,16:00,18:40:00,160,after,0,3,81,,,,4,0,8366,Northampton,FALSE,FALSE,FALSE,car,"$2,300.00 ",English,24
358,18980,18:52,5/18/2017,18:28,16:00,18:27:00,147,after,1,1,33.5,,,,4,0,8980,Northampton,FALSE,FALSE,FALSE,car,$0.00 ,English,24
345,19198,16:38,5/18/2017,16:02,16:00,15:40:00,-20,before,22,2,65,,,,4,0,9198,Northampton,FALSE,FALSE,TRUE,walk,$947.00 ,Spanish,24
364,19352,19:26,5/18/2017,18:49,16:00,18:40:00,160,after,9,2,82.5,,,,4,0,9352,Northampton,FALSE,FALSE,FALSE,car,$780.00 ,Urdu,24
344,19518,17:19,5/18/2017,16:31,16:00,15:30:00,-30,before,61,5,118,,,,4,0,9518,Northampton,FALSE,FALSE,TRUE,car,"$1,101.00 ",English,24
359,19912,18:52,5/18/2017,18:30,16:00,18:27:00,147,after,3,1,32,,,,4,0,9912,Northampton,FALSE,FALSE,TRUE,car,$749.00 ,English,24
360,19975,16:31,5/18/2017,18:33:00,16:00,16:03:00,3,after,150,1,31.5,,,,4,0,9975,Florence,FALSE,FALSE,TRUE,bus,$980.49 ,English,24
396,10251,14:50,5/19/2017,14:11,11:00,13:45:00,165,after,26,2,84,,,,5,0,251,Northampton,FALSE,TRUE,TRUE,car,$730.00 ,English,33
382,11829,12:55,5/19/2017,12:18,11:00,12:18:00,78,after,0,1,59,,,,5,0,1829,Easthampton,FALSE,FALSE,TRUE,car,$0.00 ,English,33
388,11946,13:30,5/19/2017,13:00,11:00,12:57:00,117,after,3,1,41,,,,5,0,1946,Easthampton,FALSE,FALSE,FALSE,car,$760.00 ,English,33
375,12224,12:15,5/19/2017,11:26,11:00,11:13:00,13,after,13,1,42,,,,5,0,2224,Northampton,FALSE,FALSE,TRUE,bike,$992.00 ,English,33
385,12588,13:23,5/19/2017,12:52,11:00,12:49:00,109,after,3,1,48.5,,,,5,0,2588,Easthampton,FALSE,TRUE,TRUE,car,$975.00 ,English,33
377,13985,12:38,5/19/2017,11:58,11:00,11:56:00,56,after,2,1,31,,,,5,0,3985,Easthampton,FALSE,FALSE,TRUE,car,$955.00 ,English,33
371,14241,11:53,5/19/2017,11:09,11:00,10:40:00,-20,before,29,2,79.5,,,,5,0,4241,Easthampton,FALSE,FALSE,TRUE,car,"$1,440.00 ",English,33
372,14614,12:14,5/19/2017,11:21,11:00,10:50:00,-10,before,31,3,85,,,,5,0,4614,Northampton,FALSE,FALSE,TRUE,car,"$3,665.00 ",English,33
369,16012,11:23,5/19/2017,10:59,11:00,10:30:00,-30,before,29,1,40.5,,,,5,0,6012,Northampton,FALSE,FALSE,TRUE,car,"$1,356.00 ",English,33
386,16105,13:23,5/19/2017,12:49,11:00,12:48:00,108,after,1,2,79,,,,5,0,6105,Northampton,FALSE,TRUE,TRUE,car,"$1,500.00 ",English,33
398,16768,14:56,5/19/2017,14:15,11:00,13:49:00,169,after,26,1,32,,,,5,0,6768,Northampton,FALSE,FALSE,TRUE,walk,$446.00 ,English,33
399,17143,15:10,5/19/2017,14:14,11:00,13:49:00,169,after,25,2,174,,,,5,0,7143,Easthampton,FALSE,FALSE,TRUE,car,$578.00 ,English,33
379,17323,,5/19/2017,12:00,11:00,11:58:00,58,after,2,1,31,,,,5,0,7323,Hadley,FALSE,FALSE,FALSE,car,"$1,051.00 ",English,33
384,17765,13:11,5/19/2017,12:31,11:00,12:30:00,90,after,1,1,45,,,,5,0,7765,Northampton,FALSE,FALSE,TRUE,walk,$528.00 ,English,33
367,18147,11:43,5/19/2017,11:00,11:00,10:25:00,-35,before,35,4,114,,,,5,0,8147,Easthampton,FALSE,FALSE,TRUE,car,$937.00 ,English,33
368,18364,11:42,5/19/2017,11:02,11:00,10:25:00,-35,before,37,1,50.5,,,,5,0,8364,Easthampton,FALSE,FALSE,TRUE,car,"$1,150.00 ",English,33
390,18599,13:38,5/19/2017,13:25,11:00,13:20:00,140,after,5,1,32.5,,,,5,0,8599,Hatfield,FALSE,TRUE,TRUE,car,$935.00 ,English,33
391,18678,14:06,5/19/2017,13:27,11:00,13:27:00,147,after,0,7,180.5,,,,5,0,8678,Easthampton,TRUE,FALSE,TRUE,car,"$2,166.00 ",Berber,33
381,19155,12:52,5/19/2017,12:15,11:00,12:14:00,74,after,1,5,105.5,,,,5,0,9155,Easthampton,FALSE,TRUE,TRUE,car,"$2,562.00 ",Berber,33
387,19342,13:22,5/19/2017,12:50,11:00,12:49:00,109,after,1,1,55.5,,,,5,0,9342,Easthampton,FALSE,FALSE,TRUE,car,$496.00 ,English,33
378,19464,12:35,5/19/2017,11:58,11:00,11:40:00,40,after,18,1,27,,,,5,0,9464,Northampton,FALSE,FALSE,FALSE,walk,"$1,675.00 ",English,33
374,19517,12:14,5/19/2017,11:23,11:00,10:55:00,-5,before,28,1,63.5,,,,5,0,9517,Northampton,FALSE,FALSE,TRUE,walk,"$1,598.00 ",English,33
397,19635,14:56,5/19/2017,14:12,11:00,13:48:00,168,after,24,3,98,,,,5,0,9635,Hadley,FALSE,FALSE,FALSE,car,"$1,500.00 ",creole,33
392,19721,14:08,5/19/2017,13:40,11:00,13:30:00,150,after,10,1,43.5,,,,5,0,9721,Northampton,FALSE,FALSE,TRUE,car,$784.00 ,English,33
394,19722,14:47,5/19/2017,14:01,11:00,13:35:00,155,after,26,2,70.5,,,,5,0,9722,Northampton,FALSE,TRUE,TRUE,car,"$2,020.00 ",English,33
376,19886,12:29,5/19/2017,11:36,11:00,11:16:00,16,after,20,1,59.5,,,,5,0,9886,Hadley,FALSE,FALSE,TRUE,car,"$1,300.00 ",English,33
383,19891,12:56,5/19/2017,12:19,11:00,12:18:00,78,after,1,1,50,,,,5,0,9891,Easthampton,FALSE,FALSE,FALSE,car,"$1,698.00 ",English,33
380,19906,12:35,5/19/2017,12:10,11:00,12:03:00,63,after,7,1,45,,,,5,0,9906,Northampton,FALSE,FALSE,FALSE,car,"$1,064.00 ",English,33
370,19929,11:48,5/19/2017,11:05,11:00,10:30:00,-30,before,35,1,62.5,,,,5,0,9929,Northampton,FALSE,FALSE,TRUE,car,$0.00 ,English,33
395,19943,14:49,5/19/2017,13:55,11:00,13:38:00,158,after,17,3,124,,,,5,0,9943,Temp,FALSE,FALSE,TRUE,car,$0.00 ,English,33
389,19967,13:50,5/19/2017,13:20,11:00,13:06:00,126,after,14,1,25.5,,,,5,0,9967,Northampton,FALSE,FALSE,TRUE,car,"$1,350.00 ",English,33
373,19976,12:09,5/19/2017,11:14,11:00,10:50:00,-10,before,24,1,56,,,,5,0,9976,Northampton,FALSE,FALSE,TRUE,car,$968.00 ,English,33
393,19977,14:45,5/19/2017,13:46,11:00,13:33:00,153,after,13,1,19,,,,5,0,9977,Hatfield,FALSE,FALSE,TRUE,car,"$1,341.00 ",English,33
405,10155,12:05,5/22/2017,11:17,11:00,10:10:00,-50,before,67,1,81.5,,,,1,1,155,Northampton,FALSE,FALSE,TRUE,car,"$1,020.00 ",English,31
427,10523,14:36,5/22/2017,13:39,11:00,13:37:00,157,after,2,2,57,,,,1,0,523,Northampton,FALSE,FALSE,TRUE,car,"$1,667.00 ",English,31
407,10611,12:24,5/22/2017,11:24,11:00,10:30:00,-30,before,54,4,143.5,,,,1,1,611,Northampton,FALSE,TRUE,TRUE,car,"$2,600.00 ",English,31
420,11239,13:41,5/22/2017,13:08,11:00,13:05:00,125,after,3,1,46.5,,,,1,0,1239,Northampton,FALSE,FALSE,TRUE,car,"$1,307.00 ",English,31
401,11261,11:46,5/22/2017,11:05,11:00,10:00:00,-60,before,65,3,135,,,,1,1,1261,Easthampton,FALSE,TRUE,TRUE,car,"$1,210.00 ",English,31
403,11366,12:06,5/22/2017,11:12,11:00,10:05:00,-55,before,67,2,77.5,,,,1,1,1366,Northampton,FALSE,FALSE,TRUE,bus,"$1,811.00 ",English,31
430,11462,14:50,5/22/2017,14:05,11:00,13:52:00,172,after,13,1,30,,,,1,0,1462,Northampton,FALSE,TRUE,TRUE,walk,$820.00 ,English,31
404,12139,11:48,5/22/2017,11:09,11:00,10:05:00,-55,before,64,2,127.5,,,,1,1,2139,Northampton,FALSE,FALSE,FALSE,car,"$1,306.00 ",English,31
400,12521,11:38,5/22/2017,10:59,11:00,9:15:00,-105,before,104,2,91,,,,1,0,2521,Northampton,FALSE,TRUE,FALSE,car,"$1,471.00 ",English,31
422,12576,13:33,5/22/2017,13:22,11:00,13:13:00,133,after,9,1,35,,,,1,0,2576,Northampton,FALSE,FALSE,TRUE,bike,$690.00 ,English,31
409,13148,12:34,5/22/2017,11:37,11:00,11:09:00,9,after,28,1,78.5,,,,1,0,3148,Northampton,FALSE,FALSE,TRUE,car,$859.00 ,Spanish,31
402,13614,11:41,5/22/2017,11:02,11:00,10:00:00,-60,before,62,3,113,,,,1,1,3614,Easthampton,FALSE,TRUE,TRUE,car,$513.00 ,English,31
411,14379,12:32,5/22/2017,11:38,11:00,11:15:00,15,after,23,1,37,,,,1,0,4379,Northampton,FALSE,FALSE,TRUE,car,"$1,685.00 ",English,31
429,15191,14:47,5/22/2017,13:55,11:00,13:42:00,162,after,13,2,99,,,,1,0,5191,Easthampton,TRUE,FALSE,TRUE,car,$932.00 ,English,31
410,15241,12:20,5/22/2017,11:34,11:00,11:09:00,9,after,25,1,54.5,,,,1,0,5241,Northampton,FALSE,FALSE,TRUE,car,"$1,066.00 ",English,31
406,15949,12:02,5/22/2017,11:20,11:00,10:10:00,-50,before,70,2,61.5,,,,1,1,5949,Northampton,FALSE,FALSE,FALSE,walk,"$2,111.00 ",English,31
421,17492,13:22,5/22/2017,13:06,11:00,13:05:00,125,after,1,1,32,,,,1,0,7492,Northampton,FALSE,FALSE,TRUE,bus,$992.00 ,English,31
426,17611,14:28,5/22/2017,13:29,11:00,13:27:00,147,after,2,1,39,,,,1,0,7611,Northampton,FALSE,FALSE,TRUE,car,"$1,111.00 ",English,31
414,17619,12:45,5/22/2017,12:01,11:00,11:56:00,56,after,5,1,52,,,,1,0,7619,Northampton,FALSE,FALSE,FALSE,car,$780.00 ,English,31
415,17619,12:45,5/22/2017,12:01,11:00,11:56:00,56,after,5,1,52,,,,1,0,7619,Northampton,FALSE,FALSE,FALSE,car,$780.00 ,English,31
423,17625,14:13,5/22/2017,13:23,11:00,13:21:00,141,after,2,3,87.5,,,,1,0,7625,Easthampton,FALSE,FALSE,TRUE,car,"$1,010.00 ",English,31
412,18205,12:43,5/22/2017,11:45,11:00,11:23:00,23,after,22,2,108,,,,1,0,8205,Easthampton,FALSE,FALSE,TRUE,car,"$1,120.00 ",English,31
418,19238,13:42,5/22/2017,13:01,11:00,13:00:00,120,after,1,3,135,,,,1,0,9238,Easthampton,FALSE,TRUE,TRUE,car,"$2,491.00 ",English,31
408,19554,12:36,5/22/2017,11:30,11:00,10:45:00,-15,before,45,4,74,,,,1,1,9554,Easthampton,FALSE,FALSE,TRUE,bus,"$1,800.00 ",English,31
425,19631,14:32,5/22/2017,13:25,11:00,13:24:00,144,after,1,4,188,,,,1,0,9631,Easthampton,TRUE,FALSE,TRUE,car,"$2,400.00 ",English,31
424,19804,14:05,5/22/2017,13:23,11:00,13:15:00,135,after,8,3,95,,,,1,0,9804,Williamsburg,TRUE,TRUE,TRUE,car,"$2,784.00 ",English,31
413,19827,12:42,5/22/2017,11:46,11:00,11:30:00,30,after,16,1,13,,,,1,0,9827,Temp,FALSE,FALSE,FALSE,walk,$927.00 ,English,31
419,19951,13:10,5/22/2017,13:00,11:00,12:51:00,111,after,9,1,25.5,,,,1,0,9951,Temp,FALSE,FALSE,FALSE,car,$0.00 ,English,31
416,19978,12:58,5/22/2017,12:24,11:00,12:18:00,78,after,6,3,58,,,,1,0,9978,Northampton,FALSE,FALSE,TRUE,car,"$1,000.00 ",English,31
417,19979,13:14,5/22/2017,12:44,11:00,12:40:00,100,after,4,1,36.5,,,,1,0,9979,Temp,FALSE,FALSE,TRUE,car,$0.00 ,English,31
428,19980,14:18,5/22/2017,13:46,11:00,13:39:00,159,after,7,4,21,,,,1,0,9980,Northampton,FALSE,FALSE,TRUE,walk,"$4,016.00 ",English,31
450,10574,18:13,5/23/2017,17:23,16:00,16:42:00,42,before,41,2,45,,,,2,0,574,Northampton,FALSE,FALSE,TRUE,motor chair,"$1,727.00 ",English,33
445,10965,17:39,5/23/2017,17:05,16:00,16:18:00,18,before,47,1,36,,,,2,0,965,Easthampton,FALSE,FALSE,TRUE,car,$528.00 ,English,33
459,11769,18:51,5/23/2017,18:30,16:00,18:27:00,147,after,3,1,17,,,,2,0,1769,Northampton,FALSE,FALSE,FALSE,walk,$0.00 ,English,33
460,11802,19:20,5/23/2017,18:33,16:00,18:30:00,150,after,3,3,118.5,,,,2,0,1802,Northampton,FALSE,TRUE,TRUE,car,"$2,088.00 ",English,33
456,11885,18:31,5/23/2017,17:53,16:00,17:45:00,105,after,8,1,58,,,,2,0,1885,Temp,FALSE,FALSE,FALSE,car,$0.00 ,English,33
451,12055,18:08,5/23/2017,17:26,16:00,16:44:00,44,before,42,1,27.5,,,,2,0,2055,Northampton,FALSE,FALSE,TRUE,walk,$856.00 ,English,33
447,12073,17:54,5/23/2017,17:15,16:00,16:22:00,22,before,53,2,59,,,,2,0,2073,Northampton,FALSE,FALSE,TRUE,walk,"$1,579.00 ",English,33
436,12093,16:53,5/23/2017,16:21,16:00,15:47:00,-13,before,34,1,49,,,,2,0,2093,Northampton,FALSE,FALSE,TRUE,car,"$1,150.00 ",English,33
434,12149,16:49,5/23/2017,16:09,16:00,15:35:00,-25,after,34,6,153.5,,,,2,0,2149,Westhampton,TRUE,FALSE,TRUE,car,"$3,150.00 ",English,33
449,12366,17:56,5/23/2017,17:20,16:00,16:35:00,35,before,45,2,43.5,,,,2,0,2366,Northampton,FALSE,TRUE,TRUE,car,"$1,540.00 ",English,33
458,12646,19:05,5/23/2017,18:24,16:00,18:00:00,120,after,24,6,108,,,,2,0,2646,Northampton,FALSE,FALSE,TRUE,car,"$3,300.00 ",English,33
435,14123,16:46,5/23/2017,16:11,16:00,15:35:00,-25,before,36,3,73.5,,,,2,0,4123,Chesterfield,FALSE,FALSE,TRUE,car,$600.00 ,English,33
432,14143,16:43,5/23/2017,16:06,16:00,15:30:00,-30,before,36,1,43.5,,,,2,0,4143,Hatfield,FALSE,FALSE,FALSE,car,"$1,900.00 ",English,33
463,14238,19:39,5/23/2017,18:50,16:00,18:49:00,169,after,1,4,94.5,,,,2,0,4238,Northampton,FALSE,TRUE,TRUE,car,"$2,794.00 ",English,33
442,14982,17:08,5/23/2017,16:49,16:00,16:05:00,5,before,44,1,27.5,,,,2,0,4982,Easthampton,FALSE,FALSE,FALSE,car,$0.00 ,English,33
462,15456,19:21,5/23/2017,18:41,16:00,18:38:00,158,after,3,6,142.5,,,,2,0,5456,Easthampton,FALSE,TRUE,TRUE,car,"$2,903.00 ",English,33
433,16215,16:32,5/23/2017,16:04,16:00,15:30:00,-30,after,34,2,70,,,,2,0,6215,Northampton,FALSE,FALSE,TRUE,bike,"$1,552.00 ",Spanish,33
437,17372,16:23,5/23/2017,16:02,16:00,15:50:00,-10,after,12,2,51,,,,2,0,7372,Northampton,FALSE,FALSE,TRUE,car,"$2,221.00 ",English,33
452,17664,18:11,5/23/2017,17:28,16:00,16:44:00,44,before,44,1,35,,,,2,0,7664,Northampton,FALSE,TRUE,TRUE,car,"$1,265.00 ",English,33
454,18064,18:28,5/23/2017,17:48,16:00,17:02:00,62,before,46,2,61.5,,,,2,0,8064,Northampton,FALSE,FALSE,FALSE,car,$650.00 ,Spanish,33
448,18303,17:45,5/23/2017,17:17,16:00,16:30:00,30,before,47,2,60,,,,2,0,8303,Northampton,FALSE,FALSE,TRUE,walk,$850.00 ,English,33
457,18498,18:41,5/23/2017,17:59,16:00,17:52:00,112,after,7,4,128.5,,,,2,0,8498,Northampton,FALSE,FALSE,TRUE,car,"$1,400.00 ",Filipino,33
461,18800,19:01,5/23/2017,18:34,16:00,18:33:00,153,after,1,1,59,,,,2,0,8800,Northampton,FALSE,FALSE,FALSE,car,"$1,513.00 ",English,33
438,18848,16:56,5/23/2017,16:28,16:00,15:50:00,-10,before,38,1,34,,,,2,0,8848,Northampton,FALSE,FALSE,TRUE,walk,$400.00 ,English,33
439,19232,16:58,5/23/2017,16:33,16:00,15:50:00,-10,before,43,1,35.5,,,,2,0,9232,Northampton,FALSE,TRUE,TRUE,car,$961.00 ,English,33
455,19579,18:25,5/23/2017,17:49,16:00,17:33:00,93,after,16,2,41.5,,,,2,0,9579,Temp,FALSE,FALSE,TRUE,car,"$1,300.00 ",English,33
431,19662,16:19,5/23/2017,15:59,16:00,15:00:00,-60,before,59,1,47.5,,,,2,0,9662,Northampton,FALSE,FALSE,TRUE,car,"$1,114.00 ",English,33
440,19931,17:09,5/23/2017,16:37,16:00,16:00:00,0,before,37,1,27,,,,2,0,9931,Easthampton,FALSE,FALSE,FALSE,car,"$1,300.00 ",English,33
444,19960,17:34,5/23/2017,17:00,16:00,16:15:00,15,before,45,1,45.5,,,,2,0,9960,Northampton,FALSE,FALSE,FALSE,walk,$0.00 ,English,33
446,19970,17:38,5/23/2017,17:11,16:00,16:20:00,20,before,51,1,18.5,,,,2,0,9970,Temp,FALSE,FALSE,TRUE,car,$157.00 ,English,33
441,19981,17:12,5/23/2017,16:41,16:00,16:04:00,4,before,37,1,46,,,,2,0,9981,Easthampton,FALSE,FALSE,TRUE,car,$861.00 ,English,33
443,19982,17:41,5/23/2017,16:55,16:00,16:09:00,9,before,46,1,46.5,,,,2,0,9982,Florece,FALSE,FALSE,FALSE,car,$400.00 ,,33
453,19984,18:12,5/23/2017,17:33,16:00,17:00:00,60,after,33,1,35.5,,,,2,0,9984,Temp,FALSE,FALSE,FALSE,car,"$1,616.00 ",English,33
474,10653,12:18,5/24/2017,11:28,11:00,10:00:00,-60,before,88,1,41.5,,,,3,0,653,Northampton,FALSE,TRUE,TRUE,car,$979.00 ,English,34
475,11305,12:11,5/24/2017,11:18,11:00,10:00:00,-60,before,78,3,99,,,,3,0,1305,Northampton,FALSE,TRUE,TRUE,car,"$2,975.00 ",English,34
493,11513,13:47,5/24/2017,12:44,11:00,12:40:00,100,after,4,2,56.5,,,,3,0,1513,Northampton,FALSE,FALSE,TRUE,car,"$1,723.00 ",Spanish,34
467,11910,11:54,5/24/2017,11:12,11:00,9:30:00,-90,before,102,2,55.5,,,,3,0,1910,Northampton,FALSE,FALSE,TRUE,car,$830.00 ,English,34
472,12847,11:58,5/24/2017,11:16,11:00,9:45:00,-75,before,91,3,112,,,,3,0,2847,Williamsburg,FALSE,TRUE,TRUE,car,"$2,378.00 ",English,34
486,13129,13:04,5/24/2017,11:50,11:00,11:15:00,15,after,35,1,34,,,,3,0,3129,Northampton,FALSE,FALSE,TRUE,car,$894.00 ,English,34
468,13818,11:56,5/24/2017,11:15,11:00,9:30:00,-90,before,105,6,175,,,,3,0,3818,Northampton,TRUE,TRUE,TRUE,car,"$1,262.00 ",English,34
487,14124,13:25,5/24/2017,11:53,11:00,11:30:00,30,after,23,3,67.5,,,,3,0,4124,Easthampton,FALSE,FALSE,TRUE,car,"$3,368.00 ",English,34
480,14755,12:36,5/24/2017,11:38,11:00,10:35:00,-25,before,63,2,86,,,,3,0,4755,Easthampton,FALSE,FALSE,TRUE,car,$530.00 ,English,34
481,14780,12:52,5/24/2017,11:41,11:00,10:35:00,-25,before,66,3,56.5,,,,3,0,4780,Easthampton,FALSE,TRUE,TRUE,car,"$1,185.00 ",English,34
491,15379,13:28,5/24/2017,12:17,11:00,12:17:00,77,after,0,1,21.5,,,,3,0,5379,Northampton,FALSE,TRUE,TRUE,car,"$1,858.00 ",English,34
465,16306,11:32,5/24/2017,11:03,11:00,9:00:00,-120,before,123,4,99.5,,,,3,0,6306,Easthampton,FALSE,FALSE,TRUE,car,"$2,393.00 ",English,34
482,16783,12:46,5/24/2017,11:42,11:00,10:35:00,-25,before,67,1,37.5,,,,3,0,6783,Easthampton,FALSE,TRUE,TRUE,car,"$1,216.00 ",English,34
492,17078,13:34,5/24/2017,12:30,11:00,12:29:00,89,after,1,2,52.5,,,,3,0,7078,Williamsburg,FALSE,TRUE,TRUE,car,"$1,533.00 ",English,34
469,17200,11:48,5/24/2017,11:09,11:00,9:30:00,-90,before,99,5,118.5,,,,3,0,7200,Northampton,FALSE,TRUE,TRUE,car,"$1,476.00 ",English,34
470,17487,11:35,5/24/2017,11:06,11:00,9:30:00,-90,before,96,4,125.5,,,,3,0,7487,Hatfield,FALSE,TRUE,TRUE,car,"$1,894.00 ",English,34
483,17724,12:59,5/24/2017,11:45,11:00,10:35:00,-25,before,70,2,93,,,,3,0,7724,Plainfield,FALSE,FALSE,TRUE,car,$900.00 ,English,34
490,17873,13:32,5/24/2017,12:15,11:00,12:09:00,69,after,6,5,109.5,,,,3,0,7873,Easthampton,FALSE,FALSE,TRUE,car,"$3,100.00 ",Spanish,34
476,18123,12:25,5/24/2017,11:31,11:00,10:07:00,-53,before,84,1,52.5,,,,3,0,8123,South Hadley,FALSE,FALSE,TRUE,car,$194.00 ,English,34
477,18124,12:05,5/24/2017,11:30,11:00,10:07:00,-53,before,83,1,37,,,,3,0,8124,South Hadley,FALSE,TRUE,FALSE,car,"$1,546.00 ",English,34
484,18128,12:58,5/24/2017,11:44,11:00,10:35:00,-25,before,69,2,66,,,,3,0,8128,Easthampton,FALSE,FALSE,FALSE,car,"$1,537.00 ",English,34
478,18187,12:28,5/24/2017,11:36,11:00,10:30:00,-30,before,66,1,41.5,,,,3,0,8187,South Hadley,FALSE,FALSE,TRUE,car,$639.00 ,English,34
485,18431,13:08,5/24/2017,11:47,11:00,11:13:00,13,after,34,5,131,,,,3,0,8431,South Hadley,FALSE,FALSE,TRUE,car,"$3,470.00 ",English,34
466,18463,11:19,5/24/2017,11:00,11:00,9:00:00,-120,before,120,1,28,,,,3,0,8463,Northampton,FALSE,TRUE,TRUE,walk,"$1,004.00 ",English,34
471,18728,11:44,5/24/2017,11:07,11:00,9:30:00,-90,before,97,3,84,,,,3,0,8728,Hatfield,FALSE,FALSE,TRUE,car,"$2,805.00 ",Spanish,34
488,19197,13:15,5/24/2017,11:55,11:00,11:40:00,40,after,15,5,69,,,,3,0,9197,Easthampton,FALSE,FALSE,FALSE,car,"$2,405.00 ",Cambodian,34
496,19333,13:58,5/24/2017,13:35,11:00,13:23:00,143,after,12,1,44,,,,3,0,9333,Northampton,FALSE,FALSE,TRUE,car,"$1,031.00 ",English,34
497,19628,13:53,5/24/2017,13:34,11:00,13:23:00,143,after,11,1,36.5,,,,3,0,9628,Northampton,FALSE,FALSE,FALSE,car,$919.00 ,English,34
464,19666,11:14,5/24/2017,10:58,11:00,8:55:00,-125,before,123,1,54.5,,,,3,0,9666,Easthampton,FALSE,FALSE,TRUE,car,"$1,378.00 ",English,34
479,19944,12:29,5/24/2017,11:34,11:00,10:32:00,-28,before,62,1,55.5,,,,3,0,9944,Northampton,FALSE,FALSE,TRUE,PVTA van,$980.00 ,English,34
494,19961,13:43,5/24/2017,13:00,11:00,12:54:00,114,after,6,2,29,,,,3,0,9961,Northampton,FALSE,FALSE,FALSE,walk,$610.00 ,English,34
489,19966,13:27,5/24/2017,11:58,11:00,11:56:00,56,after,2,1,30,,,,3,0,9966,Northampton,FALSE,TRUE,TRUE,bike,$751.00 ,English,34
473,19985,12:03,5/24/2017,11:22,11:00,9:45:00,-75,before,97,1,35,,,,3,0,9985,Temp,FALSE,FALSE,FALSE,car,$0.00 ,English,34
495,19986,13:48,5/24/2017,13:15,11:00,13:15:00,135,after,0,1,35.5,,,,3,0,9986,Northampton,FALSE,FALSE,FALSE,car,"$2,170.00 ",English,34
512,10079,17:04,5/25/2017,16:32,16:00,16:15:00,15,after,17,1,36.5,,,,4,1,79,Northampton,FALSE,FALSE,TRUE,car,$936.00 ,English,35
503,10855,16:40,5/25/2017,16:14,16:00,15:45:00,-15,before,29,1,26.5,,,,4,1,855,Easthampton,FALSE,FALSE,TRUE,car,"$1,200.00 ",English,35
518,10954,17:31,5/25/2017,16:57,16:00,16:35:00,35,after,22,1,47.5,,,,4,1,954,Northampton,FALSE,FALSE,TRUE,walk,$962.00 ,English,35
519,11046,17:52,5/25/2017,17:01,16:00,16:42:00,42,after,19,6,154.5,,,,4,1,1046,Chesterfield,FALSE,TRUE,TRUE,car,"$2,835.00 ",English,35
521,11623,18:02,5/25/2017,17:13,16:00,16:52:00,52,after,21,1,60,,,,4,1,1623,Northampton,FALSE,FALSE,TRUE,car,$965.00 ,English,35
522,11847,17:47,5/25/2017,17:04,16:00,16:52:00,52,after,12,1,46,,,,4,1,1847,Northampton,FALSE,FALSE,FALSE,car,"$1,641.00 ",English,35
511,11914,16:55,5/25/2017,16:29,16:00,16:12:00,12,after,17,1,37.5,,,,4,1,1914,Hadley,FALSE,FALSE,TRUE,car,"$1,126.00 ",English,35
504,12347,16:44,5/25/2017,16:15,16:00,15:45:00,-15,before,30,1,28.5,,,,4,1,2347,Temp,FALSE,FALSE,TRUE,car,"$1,080.00 ",English,35
533,12923,19:21,5/25/2017,18:35,16:00,18:34:00,154,before,1,5,146.5,,,,4,0,2923,Northampton,FALSE,TRUE,TRUE,car,$710.00 ,English,35
505,13250,16:50,5/25/2017,16:19,16:00,15:45:00,-15,before,34,1,41.5,,,,4,1,3250,Easthampton,FALSE,FALSE,TRUE,car,$867.00 ,English,35
506,14373,16:39,5/25/2017,16:13,16:00,15:45:00,-15,before,28,1,36.5,,,,4,1,4373,Easthampton,FALSE,FALSE,TRUE,car,"$1,200.00 ",English,35
507,14796,16:45,5/25/2017,16:17,16:00,15:45:00,-15,before,32,1,26.5,,,,4,1,4796,Easthampton,FALSE,FALSE,TRUE,car,"$1,375.00 ",English,35
501,15244,16:27,5/25/2017,16:01,16:00,15:30:00,-30,before,31,4,111.5,,,,4,1,5244,Northampton,FALSE,FALSE,TRUE,car,"$1,933.00 ",Spanish,35
499,15495,16:17,5/25/2017,15:59,16:00,13:30:00,-150,before,149,1,35.5,,,,4,0,5495,Temp,FALSE,FALSE,TRUE,walk,"$1,100.00 ",English,35
500,15495,16:17,5/25/2017,15:59,16:00,13:30:00,-150,before,149,1,35.5,,,,4,0,5495,Temp,FALSE,FALSE,TRUE,walk,"$1,100.00 ",English,35
525,16314,18:14,5/25/2017,17:19,16:00,17:18:00,78,before,1,1,33,,,,4,0,6314,Northampton,FALSE,FALSE,TRUE,bus,$194.00 ,English,35
520,16569,17:47,5/25/2017,17:09,16:00,16:50:00,50,after,19,3,51,,,,4,1,6569,Northampton,FALSE,TRUE,TRUE,car,"$1,674.00 ",Spanish,35
513,17259,17:10,5/25/2017,16:38,16:00,16:18:00,18,after,20,1,33,,,,4,1,7259,Easthampton,FALSE,FALSE,TRUE,bus,$956.00 ,English,35
532,17878,18:46,5/25/2017,18:33,16:00,18:00:00,120,after,33,1,49,,,,4,0,7878,Temp,FALSE,FALSE,FALSE,car,$900.00 ,English,35
510,18261,17:03,5/25/2017,16:27,16:00,15:58:00,-2,before,29,4,98,,,,4,1,8261,Northampton,FALSE,FALSE,TRUE,car,"$1,056.00 ",English,35
526,19201,18:14,5/25/2017,17:21,16:00,17:19:00,79,before,2,1,32,,,,4,0,9201,Northampton,FALSE,FALSE,TRUE,walk,$0.00 ,English,35
530,19237,18:36,5/25/2017,17:55,16:00,17:51:00,111,before,4,2,62,,,,4,0,9237,Easthampton,FALSE,TRUE,FALSE,car,"$2,514.00 ",English,35
531,19512,18:50,5/25/2017,18:08,16:00,17:56:00,116,after,12,1,23,,,,4,0,9512,Northampton,FALSE,FALSE,TRUE,car,$600.00 ,English,35
517,19681,17:37,5/25/2017,16:52,16:00,16:30:00,30,after,22,3,57,,,,4,1,9681,Northampton,FALSE,FALSE,FALSE,walk,$0.00 ,English,35
523,19687,18:06,5/25/2017,17:07,16:00,16:54:00,54,after,13,1,40.5,,,,4,1,9687,Northampton,FALSE,FALSE,FALSE,car,$0.00 ,English,35
529,19705,18:29,5/25/2017,17:35,16:00,17:29:00,89,before,6,1,55.5,,,,4,0,9705,Temp,FALSE,FALSE,TRUE,car,"$1,763.00 ",English,35
502,19725,16:33,5/25/2017,16:03,16:00,15:35:00,-25,before,28,1,32,,,,4,1,9725,Easthampton,FALSE,FALSE,FALSE,car,"$1,200.00 ",English,35
524,19727,18:19,5/25/2017,17:11,16:00,17:02:00,62,before,9,6,74,,,,4,0,9727,Easthampton,FALSE,FALSE,TRUE,car,$500.00 ,English,35
508,19769,16:45,5/25/2017,16:10,16:00,15:45:00,-15,before,25,4,85.5,,,,4,1,9769,Easthampton,FALSE,FALSE,FALSE,car,"$2,005.00 ",English,35
509,19771,16:36,5/25/2017,16:05,16:00,15:45:00,-15,before,20,3,69,,,,4,1,9771,Easthampton,TRUE,FALSE,TRUE,car,"$2,925.00 ",English,35
515,19871,17:18,5/25/2017,16:41,16:00,16:20:00,20,after,21,3,69,,,,4,1,9871,Easthampton,TRUE,FALSE,TRUE,car,$511.00 ,English,35
514,19928,17:01,5/25/2017,16:35,16:00,16:18:00,18,after,17,1,31.5,,,,4,1,9928,Temp,FALSE,FALSE,FALSE,walk,$0.00 ,English,35
516,19987,17:27,5/25/2017,16:48,16:00,16:23:00,23,after,25,2,56,,,,4,1,9987,Northampton,TRUE,TRUE,TRUE,car,$779.00 ,English,35
528,19988,18:24,5/25/2017,17:28,16:00,17:25:00,85,before,3,1,36,,,,4,0,9988,Northampton,FALSE,FALSE,TRUE,walk,$194.00 ,Spanish,35
527,19989,18:22,5/25/2017,17:29,16:00,17:20:00,80,after,9,3,70.5,,,,4,0,9989,Northampton,FALSE,FALSE,FALSE,car,$0.00 ,Arabic,35
569,10184,14:15,5/26/2017,13:28,11:00,13:15:00,135,after,13,1,47,,,,5,1,184,Williamsburg,FALSE,FALSE,TRUE,car,$930.00 ,English,40
550,10253,12:52,5/26/2017,11:37,11:00,11:30:00,30,after,7,1,68.5,,,,5,0,253,Northampton,FALSE,FALSE,TRUE,car,$750.00 ,English,40
563,10966,,5/26/2017,12:44,11:00,12:43:00,103,after,1,2,35.5,,,,5,0,966,Easthampton,FALSE,TRUE,TRUE,car,"$1,944.00 ",English,40
560,11180,13:38,5/26/2017,12:20,11:00,12:14:00,74,after,6,1,43.5,,,,5,0,1180,Northampton,FALSE,FALSE,TRUE,bike,$881.00 ,English,40
542,11406,11:56,5/26/2017,11:15,11:00,10:45:00,-15,before,30,1,55,,,,5,0,1406,Hatfield,FALSE,TRUE,TRUE,car,$940.00 ,English,40
556,11485,13:21,5/26/2017,12:09,11:00,11:56:00,56,after,13,1,38,,,,5,0,1485,Easthampton,FALSE,TRUE,TRUE,car,"$1,045.00 ",English,40
536,11650,11:18,5/26/2017,11:00,11:00,10:30:00,-30,before,30,1,42,,,,5,0,1650,Hatfield,FALSE,FALSE,FALSE,car,$740.00 ,English,40
557,11760,13:33,5/26/2017,12:14,11:00,12:01:00,61,after,13,4,105.5,,,,5,0,1760,Northampton,FALSE,FALSE,TRUE,car,$827.00 ,English,40
570,11959,14:36,5/26/2017,13:29,11:00,13:20:00,140,after,9,1,67,,,,5,1,1959,Williamsburg,FALSE,FALSE,TRUE,car,$800.00 ,English,40
566,12109,14:07,5/26/2017,13:06,11:00,12:54:00,114,after,12,1,69.5,,,,5,0,2109,Northampton,FALSE,TRUE,FALSE,car,"$1,354.00 ",English,40
568,12255,14:13,5/26/2017,13:24,11:00,13:03:00,123,after,21,1,45,,,,5,1,2255,Chesterfield,FALSE,FALSE,TRUE,car,"$1,430.00 ",English,40
535,12312,11:47,5/26/2017,11:05,11:00,10:15:00,-45,before,50,2,62.5,,,,5,0,2312,Hatfield,FALSE,FALSE,TRUE,car,"$2,437.00 ",English,40
567,12926,14:17,5/26/2017,13:14,11:00,13:00:00,120,after,14,1,81,,,,5,1,2926,Northampton,FALSE,FALSE,TRUE,car,$849.00 ,English,40
554,14048,13:20,5/26/2017,12:02,11:00,11:50:00,50,after,12,2,80.5,,,,5,0,4048,Northampton,FALSE,FALSE,TRUE,walk,"$1,038.00 ",English,40
551,14368,13:02,5/26/2017,11:45,11:00,11:36:00,36,after,9,1,56,,,,5,0,4368,Easthampton,FALSE,FALSE,FALSE,car,$945.00 ,Polish,40
543,14606,12:12,5/26/2017,11:19,11:00,10:45:00,-15,before,34,2,58.5,,,,5,0,4606,Northampton,FALSE,FALSE,TRUE,walk,$871.00 ,English,40
534,15579,11:42,5/26/2017,11:03,11:00,10:10:00,-50,before,53,2,77,,,,5,0,5579,Hatfield,FALSE,FALSE,TRUE,car,"$1,890.00 ",English,40
540,15864,11:25,5/26/2017,11:01,11:00,10:40:00,-20,before,21,1,53.5,,,,5,0,5864,Northampton,FALSE,FALSE,TRUE,car,$998.00 ,English,40
573,16139,14:32,5/26/2017,13:49,11:00,13:39:00,159,after,10,1,29,,,,5,1,6139,Easthampton,FALSE,TRUE,TRUE,car,$738.00 ,English,40
558,16499,13:31,5/26/2017,12:17,11:00,12:08:00,68,after,9,1,38.5,,,,5,0,6499,Easthampton,FALSE,TRUE,FALSE,car,"$1,550.00 ",English,40
537,16646,11:43,5/26/2017,11:12,11:00,10:30:00,-30,before,42,1,40,,,,5,0,6646,Northampton,FALSE,TRUE,TRUE,car,"$1,012.00 ",English,40
545,16697,12:43,5/26/2017,11:20,11:00,10:50:00,-10,before,30,5,161.5,,,,5,0,6697,Easthampton,TRUE,TRUE,TRUE,car,"$1,700.00 ",French,40
565,17756,13:56,5/26/2017,13:04,11:00,12:45:00,105,after,19,1,34.5,,,,5,0,7756,Hadley,FALSE,FALSE,FALSE,car,"$1,550.00 ",English,40
538,17892,11:48,5/26/2017,11:06,11:00,10:30:00,-30,before,36,1,40,,,,5,0,7892,Northampton,FALSE,FALSE,FALSE,walk,"$1,165.00 ",English,40
549,18176,12:48,5/26/2017,11:34,11:00,11:26:00,26,after,8,2,68,,,,5,0,8176,Williamsburg,FALSE,FALSE,TRUE,car,$796.00 ,English,40
548,18506,12:47,5/26/2017,11:31,11:00,11:13:00,13,after,18,3,104,,,,5,0,8506,Northampton,FALSE,FALSE,TRUE,car,$930.00 ,English,40
541,18578,12:05,5/26/2017,11:08,11:00,10:40:00,-20,before,28,4,162,,,,5,0,8578,Northampton,TRUE,TRUE,TRUE,car,"$1,881.00 ",English,40
552,19123,13:03,5/26/2017,11:44,11:00,11:36:00,36,after,8,2,79.5,,,,5,0,9123,Easthampton,FALSE,TRUE,TRUE,car,"$1,010.00 ",English,40
559,19153,13:52,5/26/2017,12:26,11:00,12:10:00,70,after,16,5,141.5,,,,5,0,9153,Hatfield,TRUE,TRUE,TRUE,car,"$2,700.00 ",English,40
539,19345,11:16,5/26/2017,10:59,11:00,10:30:00,-30,before,29,1,44,,,,5,0,9345,Southampton,FALSE,FALSE,FALSE,car,"$1,664.00 ",English,40
544,19734,12:19,5/26/2017,11:16,11:00,10:45:00,-15,before,31,6,171,,,,5,0,9734,Williamsburg,FALSE,FALSE,TRUE,car,"$1,500.00 ",English,40
571,19736,14:30,5/26/2017,13:37,11:00,13:20:00,140,after,17,3,110.5,,,,5,1,9736,South Hadley,FALSE,TRUE,TRUE,car,"$1,469.00 ",English,40
555,19782,13:14,5/26/2017,12:06,11:00,11:54:00,54,after,12,1,33.5,,,,5,0,9782,Easthampton,FALSE,FALSE,TRUE,car,$194.00 ,English,40
572,19843,14:38,5/26/2017,13:39,11:00,13:37:00,157,after,2,3,85,,,,5,1,9843,Hatfield,FALSE,FALSE,TRUE,car,"$1,906.00 ",English,40
546,19945,12:36,5/26/2017,11:25,11:00,10:55:00,-5,before,30,2,73,,,,5,0,9945,Northampton,TRUE,FALSE,TRUE,walk,$835.00 ,English,40
562,19958,13:44,5/26/2017,12:32,11:00,12:31:00,91,after,1,1,11,,,,5,0,9958,Flonrece,FALSE,FALSE,FALSE,car,"$1,683.00 ",English,40
561,19967,13:41,5/26/2017,12:21,11:00,12:21:00,81,after,0,1,13.5,,,,5,0,9967,Northampton,FALSE,FALSE,TRUE,car,"$1,350.00 ",English,40
547,19971,12:24,5/26/2017,11:28,11:00,10:59:00,-1,before,29,1,30.5,,,,5,0,9971,Temp,FALSE,FALSE,FALSE,car,$500.00 ,English,40
553,19990,13:03,5/26/2017,11:52,11:00,11:47:00,47,after,5,1,38.5,,,,5,0,9990,Northampton,FALSE,FALSE,TRUE,walk,"$1,314.00 ",English,40
564,19991,13:58,5/26/2017,12:51,11:00,12:43:00,103,after,8,3,74,,,,5,0,9991,Easthampton,FALSE,TRUE,TRUE,car,$736.00 ,English,40
,,,,,,,,,,,,,,,,,,,,,,,,,
,,,,,,,,,,,,,,,,,,,,,,,,,
,,,,,,,,,,,,,,,,,,,,,,,,,
